CREATE TABLE contratado (
                cnpj VARCHAR(20) NOT NULL,
                name VARCHAR(255) NOT NULL,
                PRIMARY KEY (cnpj)
);


CREATE TABLE contrato (
                id_contrato INT NOT NULL,
                numero_contrato VARCHAR(40) NOT NULL,
                situacao_contrato VARCHAR(255) NOT NULL,
                objeto VARCHAR(1000) NOT NULL,
                PRIMARY KEY (id_contrato)
);


CREATE TABLE orgao_superior (
                id_orgao_superior INT NOT NULL,
                nome VARCHAR(255) NOT NULL,
                PRIMARY KEY (id_orgao_superior)
);


CREATE TABLE orgao (
                id_orgao INT NOT NULL,
                id_orgao_superior INT NOT NULL,
                nome VARCHAR(255) NOT NULL,
                PRIMARY KEY (id_orgao),
                FOREIGN KEY (id_orgao_superior) REFERENCES orgao_superior (id_orgao_superior)
);


CREATE TABLE unidade_gestora (
                id_unidade_gestora INT NOT NULL,
                id_orgao INT NOT NULL,
                nome VARCHAR(255) NOT NULL,
                PRIMARY KEY (id_unidade_gestora),
                FOREIGN KEY (id_orgao) REFERENCES orgao (id_orgao)
);


CREATE TABLE contratacao (
                id_contratacao INT NOT NULL,
                id_contrato INT NOT NULL,
                id_unidade_gestora INT NOT NULL,
                cnpj VARCHAR(20) NOT NULL,
                data_inicio_vigencia DATE NOT NULL,
                data_fim_vigencia DATE NOT NULL,
                PRIMARY KEY (id_contratacao, id_contrato),
                FOREIGN KEY (cnpj) REFERENCES contratado (cnpj),
                FOREIGN KEY (id_contrato) REFERENCES contrato (id_contrato),
                FOREIGN KEY (id_unidade_gestora) REFERENCES unidade_gestora (id_unidade_gestora)
);


CREATE TABLE termo_aditivo (
                id_termo_aditivo INT NOT NULL,
                id_contrato INT NOT NULL,
                id_contratacao INT NOT NULL,
                data_publicao DATE NOT NULL,
                objeto VARCHAR(500) NOT NULL,
                PRIMARY KEY (id_termo_aditivo, id_contrato),
                FOREIGN KEY (id_contratacao, id_contrato) REFERENCES contratacao (id_contratacao, id_contrato)
);


CREATE TABLE item_comprado (
                id_item INT NOT NULL,
                id_contrato INT NOT NULL,
                id_contratacao INT NOT NULL,
                quatidade INT NOT NULL,
                valor_unitario DOUBLE PRECISION NOT NULL,
                PRIMARY KEY (id_item),
                FOREIGN KEY (id_contratacao, id_contrato) REFERENCES contratacao (id_contratacao, id_contrato)
);

insert into orgao_superior(id_orgao_superior, nome) values (26000,'Ministério da Educação');
insert into orgao_superior(id_orgao_superior, nome) values (40000,'Ministério do Trabalho');
insert into orgao_superior(id_orgao_superior, nome) values (52000,'Ministério da Defesa');
insert into orgao_superior(id_orgao_superior, nome) values (44000,'Ministério do Meio Ambiente');
insert into orgao_superior(id_orgao_superior, nome) values (41000,'Ministério das Comunicações');
insert into orgao_superior(id_orgao_superior, nome) values (30000,'Ministério da Justiça e Segurança Pública');
insert into orgao_superior(id_orgao_superior, nome) values (36000,'Ministério da Saúde');
insert into orgao_superior(id_orgao_superior, nome) values (22000,'Ministério da Agricultura, Pecuária e Abastec');
insert into orgao_superior(id_orgao_superior, nome) values (55000,'Ministério da Cidadania');
insert into orgao_superior(id_orgao_superior, nome) values (54000,'Ministério do Turismo');
insert into orgao_superior(id_orgao_superior, nome) values (25000,'Ministério da Economia');
insert into orgao_superior(id_orgao_superior, nome) values (20000,'Presidência da República');
insert into orgao_superior(id_orgao_superior, nome) values (24000,'Ministério da Ciência, Tecnologia, Inovações');
insert into orgao_superior(id_orgao_superior, nome) values (39000,'Ministério da Infraestrutura');
insert into orgao_superior(id_orgao_superior, nome) values (53000,'Ministério do Desenvolvimento Regional');
insert into orgao_superior(id_orgao_superior, nome) values (63000,'Advocacia-Geral da União');
insert into orgao_superior(id_orgao_superior, nome) values (32000,'Ministério de Minas e Energia');
insert into orgao_superior(id_orgao_superior, nome) values (25201,'Banco Central do Brasil - Orçamento Fiscal e ');
insert into orgao_superior(id_orgao_superior, nome) values (81000,'Ministério da Mulher, Família e Direitos Huma');
insert into orgao_superior(id_orgao_superior, nome) values (35000,'Ministério das Relações Exteriores');
insert into orgao_superior(id_orgao_superior, nome) values (37000,'Controladoria-Geral da União');

insert into orgao(id_orgao_superior, id_orgao, nome) values (26000, 26256, 'Centro Federal de Educação Tecnológica Celso ');
insert into orgao(id_orgao_superior, id_orgao, nome) values (40000, 37202, 'Instituto Nacional do Seguro Social');
insert into orgao(id_orgao_superior, id_orgao, nome) values (52000, 52121, 'Comando do Exército');
insert into orgao(id_orgao_superior, id_orgao, nome) values (26000, 26282, 'Universidade Federal de Viçosa');
insert into orgao(id_orgao_superior, id_orgao, nome) values (52000, 52111, 'Comando da Aeronáutica');
insert into orgao(id_orgao_superior, id_orgao, nome) values (26000, 26443, 'Empresa Brasileira de Serviços Hospitalares');
insert into orgao(id_orgao_superior, id_orgao, nome) values (26000, 26429, 'Instituto Federal de Educação, Ciência e Tecn');
insert into orgao(id_orgao_superior, id_orgao, nome) values (26000, 26271, 'Fundação Universidade de Brasília');
insert into orgao(id_orgao_superior, id_orgao, nome) values (44000, 44207, 'Instituto Chico Mendes de Conservação da Biod');
insert into orgao(id_orgao_superior, id_orgao, nome) values (41000, 20415, 'Empresa Brasil de Comunicação');
insert into orgao(id_orgao_superior, id_orgao, nome) values (26000, 26406, 'Instituto Federal do Espírito Santo');
insert into orgao(id_orgao_superior, id_orgao, nome) values (26000, 26405, 'Instituto Federal do Ceará');
insert into orgao(id_orgao_superior, id_orgao, nome) values (30000, 30911, 'Fundo Nacional de Segurança Pública');
insert into orgao(id_orgao_superior, id_orgao, nome) values (26000, 26422, 'Instituto Federal Catarinense');
insert into orgao(id_orgao_superior, id_orgao, nome) values (26000, 26408, 'Instituto Federal do Maranhão');
insert into orgao(id_orgao_superior, id_orgao, nome) values (52000, 52131, 'Comando da Marinha');
insert into orgao(id_orgao_superior, id_orgao, nome) values (26000, 26439, 'Instituto Federal de São Paulo');
insert into orgao(id_orgao_superior, id_orgao, nome) values (36000, 36000, 'Ministério da Saúde - Unidades com vínculo di');
insert into orgao(id_orgao_superior, id_orgao, nome) values (30000, 30108, 'Departamento de Polícia Federal');
insert into orgao(id_orgao_superior, id_orgao, nome) values (26000, 26249, 'Universidade Federal Rural do Rio de Janeiro');
insert into orgao(id_orgao_superior, id_orgao, nome) values (26000, 26234, 'Universidade Federal do Espírito Santo');
insert into orgao(id_orgao_superior, id_orgao, nome) values (26000, 26274, 'Fundação Universidade Federal de Uberlândia');
insert into orgao(id_orgao_superior, id_orgao, nome) values (36000, 36201, 'Fundação Oswaldo Cruz');
insert into orgao(id_orgao_superior, id_orgao, nome) values (41000, 41231, 'Agêncial Nacional de Telecomunicações');
insert into orgao(id_orgao_superior, id_orgao, nome) values (26000, 26230, 'Fundação Universidade Federal do Vale do São ');
insert into orgao(id_orgao_superior, id_orgao, nome) values (22000, 22000, 'Ministério da Agricultura, Pecuária e Abastec');
insert into orgao(id_orgao_superior, id_orgao, nome) values (55000, 55000, 'Ministério da Cidadania - Unidades com víncul');
insert into orgao(id_orgao_superior, id_orgao, nome) values (26000, 26430, 'Instituto Federal do Sertão de Pernambuco');
insert into orgao(id_orgao_superior, id_orgao, nome) values (36000, 36212, 'Agência Nacional de Vigilância Sanitária');
insert into orgao(id_orgao_superior, id_orgao, nome) values (30000, 30000, 'Ministério da Justiça e Segurança Pública - U');
insert into orgao(id_orgao_superior, id_orgao, nome) values (54000, 20411, 'Instituto do Patrimônio Histórico e Artístico');
insert into orgao(id_orgao_superior, id_orgao, nome) values (26000, 26413, 'Instituto Federal do Triângulo Mineiro');
insert into orgao(id_orgao_superior, id_orgao, nome) values (26000, 26298, 'Fundo Nacional de Desenvolvimento da Educação');
insert into orgao(id_orgao_superior, id_orgao, nome) values (25000, 25000, 'Ministério da Economia - Unidades com vínculo');
insert into orgao(id_orgao_superior, id_orgao, nome) values (26000, 26258, 'Universidade Tecnológica Federal do Paraná');
insert into orgao(id_orgao_superior, id_orgao, nome) values (20000, 20101, 'Presidência da República');
insert into orgao(id_orgao_superior, id_orgao, nome) values (26000, 26410, 'Instituto Federal do Norte de Minas Gerais');
insert into orgao(id_orgao_superior, id_orgao, nome) values (26000, 26403, 'Instituto Federal do Amazonas');
insert into orgao(id_orgao_superior, id_orgao, nome) values (24000, 20301, 'Comissão Nacional de Energia Nuclear');
insert into orgao(id_orgao_superior, id_orgao, nome) values (26000, 26435, 'Instituto Federal do Rio Grande do Norte');
insert into orgao(id_orgao_superior, id_orgao, nome) values (26000, 26414, 'Instituto Federal do Mato Grosso');
insert into orgao(id_orgao_superior, id_orgao, nome) values (25000, 25205, 'Fundação Instituto Brasileiro de Geografia e ');
insert into orgao(id_orgao_superior, id_orgao, nome) values (39000, 39252, 'Departamento Nacional de Infraestrutura de Tr');
insert into orgao(id_orgao_superior, id_orgao, nome) values (44000, 20701, 'Instituto Brasileiro do Meio Ambiente e dos R');
insert into orgao(id_orgao_superior, id_orgao, nome) values (54000, 20408, 'Fundação Cultural Palmares');
insert into orgao(id_orgao_superior, id_orgao, nome) values (26000, 26275, 'Fundação Universidade Federal do Acre');
insert into orgao(id_orgao_superior, id_orgao, nome) values (53000, 22204, 'Departamento Nacional de Obras Contra as Seca');
insert into orgao(id_orgao_superior, id_orgao, nome) values (63000, 63000, 'Advocacia-Geral da União - Unidades com víncu');
insert into orgao(id_orgao_superior, id_orgao, nome) values (26000, 26402, 'Instituto Federal de Alagoas');
insert into orgao(id_orgao_superior, id_orgao, nome) values (26000, 26404, 'Instituto Federal Baiano');
insert into orgao(id_orgao_superior, id_orgao, nome) values (30000, 30802, 'Departamento de Polícia Rodoviária Federal');
insert into orgao(id_orgao_superior, id_orgao, nome) values (39000, 39250, 'Agência Nacional de Transportes Terrestres');
insert into orgao(id_orgao_superior, id_orgao, nome) values (26000, 26262, 'Universidade Federal de São Paulo');
insert into orgao(id_orgao_superior, id_orgao, nome) values (26000, 26409, 'Instituto Federal de Minas Gerais');
insert into orgao(id_orgao_superior, id_orgao, nome) values (26000, 26432, 'Instituto Federal do Paraná');
insert into orgao(id_orgao_superior, id_orgao, nome) values (26000, 26452, 'UNIVERSIDADE FEDERAL DE CATALAO');
insert into orgao(id_orgao_superior, id_orgao, nome) values (26000, 26261, 'Universidade Federal de Itajubá');
insert into orgao(id_orgao_superior, id_orgao, nome) values (52000, 52222, 'Fundação Osório');
insert into orgao(id_orgao_superior, id_orgao, nome) values (26000, 26236, 'Universidade Federal Fluminense');
insert into orgao(id_orgao_superior, id_orgao, nome) values (26000, 26264, 'Universidade Federal Rural do Semi-Árido');
insert into orgao(id_orgao_superior, id_orgao, nome) values (26000, 26255, 'Universidade Federal dos Vales do Jequitinhon');
insert into orgao(id_orgao_superior, id_orgao, nome) values (26000, 26243, 'Universidade Federal do Rio Grande do Norte');
insert into orgao(id_orgao_superior, id_orgao, nome) values (36000, 36211, 'Fundação Nacional de Saúde');
insert into orgao(id_orgao_superior, id_orgao, nome) values (26000, 26438, 'Instituto Federal de Santa Catarina');
insert into orgao(id_orgao_superior, id_orgao, nome) values (32000, 32205, 'Agência Nacional do Petróleo, Gás Natural e B');
insert into orgao(id_orgao_superior, id_orgao, nome) values (26000, 26418, 'Instituto Federal de Pernambuco');
insert into orgao(id_orgao_superior, id_orgao, nome) values (39000, 29209, 'VALEC Engenharia, Construções e Ferrovias S.A');
insert into orgao(id_orgao_superior, id_orgao, nome) values (25000, 25915, 'Fundo Constitucional do Distrito Federal');
insert into orgao(id_orgao_superior, id_orgao, nome) values (25201, 25201, 'Banco Central do Brasil - Orçamento Fiscal e ');
insert into orgao(id_orgao_superior, id_orgao, nome) values (26000, 26237, 'Universidade Federal de Juiz de Fora');
insert into orgao(id_orgao_superior, id_orgao, nome) values (24000, 24000, 'Ministério da Ciência, Tecnologia, Inovações ');
insert into orgao(id_orgao_superior, id_orgao, nome) values (36000, 36213, 'Agência Nacional de Saúde Suplementar');
insert into orgao(id_orgao_superior, id_orgao, nome) values (81000, 81000, 'Ministério da Mulher, Família e Direitos Huma');
insert into orgao(id_orgao_superior, id_orgao, nome) values (26000, 26427, 'Instituto Federal da Bahia');
insert into orgao(id_orgao_superior, id_orgao, nome) values (22000, 22201, 'Instituto Nacional de Colonização e Reforma A');
insert into orgao(id_orgao_superior, id_orgao, nome) values (26000, 26352, 'Fundação Universidade Federal do ABC');
insert into orgao(id_orgao_superior, id_orgao, nome) values (26000, 26424, 'Instituto Federal do Tocantins');
insert into orgao(id_orgao_superior, id_orgao, nome) values (26000, 26417, 'Instituto Federal da Paraíba');
insert into orgao(id_orgao_superior, id_orgao, nome) values (54000, 20404, 'Fundação Biblioteca Nacional');
insert into orgao(id_orgao_superior, id_orgao, nome) values (52000, 52000, 'Ministério da Defesa - Unidades com vínculo d');
insert into orgao(id_orgao_superior, id_orgao, nome) values (52000, 52221, 'Indústria de Material Bélico do Brasil');
insert into orgao(id_orgao_superior, id_orgao, nome) values (26000, 26245, 'Universidade Federal do Rio de Janeiro');
insert into orgao(id_orgao_superior, id_orgao, nome) values (52000, 27201, 'Fundação Habitacional do Exército');
insert into orgao(id_orgao_superior, id_orgao, nome) values (26000, 26235, 'Universidade Federal de Goiás');
insert into orgao(id_orgao_superior, id_orgao, nome) values (20000, 24208, 'Instituto Nacional de Tecnologia da Informaçã');
insert into orgao(id_orgao_superior, id_orgao, nome) values (39000, 68201, 'Agência Nacional de Transportes Aquaviários');
insert into orgao(id_orgao_superior, id_orgao, nome) values (26000, 26428, 'Instituto Federal de Brasília');
insert into orgao(id_orgao_superior, id_orgao, nome) values (39000, 62201, 'Agência Nacional de Aviação Civil');
insert into orgao(id_orgao_superior, id_orgao, nome) values (26000, 26350, 'Fundação Universidade Federal da Grande Doura');
insert into orgao(id_orgao_superior, id_orgao, nome) values (26000, 26270, 'Fundação Universidade do Amazonas');
insert into orgao(id_orgao_superior, id_orgao, nome) values (53000, 53000, 'Ministério do Desenvolvimento Regional - Unid');
insert into orgao(id_orgao_superior, id_orgao, nome) values (30000, 30202, 'Fundação Nacional do Índio');
insert into orgao(id_orgao_superior, id_orgao, nome) values (25000, 30204, 'Instituto Nacional da Propriedade Industrial');
insert into orgao(id_orgao_superior, id_orgao, nome) values (26000, 26407, 'Instituto Federal Goiano');
insert into orgao(id_orgao_superior, id_orgao, nome) values (26000, 26280, 'Fundação Universidade Federal de São Carlos');
insert into orgao(id_orgao_superior, id_orgao, nome) values (22000, 22211, 'Companhia Nacional de Abastecimento');
insert into orgao(id_orgao_superior, id_orgao, nome) values (32000, 32396, 'Agência Nacional de Mineração');
insert into orgao(id_orgao_superior, id_orgao, nome) values (26000, 26283, 'Fundação Universidade Federal do Mato Grosso ');
insert into orgao(id_orgao_superior, id_orgao, nome) values (26000, 26436, 'Instituto Federal Sul-rio-grandense');
insert into orgao(id_orgao_superior, id_orgao, nome) values (26000, 26201, 'Colégio Pedro II');
insert into orgao(id_orgao_superior, id_orgao, nome) values (26000, 26416, 'Instituto Federal do Pará');
insert into orgao(id_orgao_superior, id_orgao, nome) values (26000, 26426, 'Instituto Federal do Amapá');
insert into orgao(id_orgao_superior, id_orgao, nome) values (26000, 26419, 'Instituto Federal do Rio Grande do Sul');
insert into orgao(id_orgao_superior, id_orgao, nome) values (35000, 35000, 'Ministério das Relações Exteriores - Unidades');
insert into orgao(id_orgao_superior, id_orgao, nome) values (44000, 44206, 'Instituto de Pesquisas Jardim Botânico do Rio');
insert into orgao(id_orgao_superior, id_orgao, nome) values (26000, 26421, 'Instituto Federal de Rondônia');
insert into orgao(id_orgao_superior, id_orgao, nome) values (26000, 26351, 'Universidade Federal do Recôncavo da Bahia');
insert into orgao(id_orgao_superior, id_orgao, nome) values (39000, 39253, 'Empresa de Planejamento e Logística S.A.');
insert into orgao(id_orgao_superior, id_orgao, nome) values (26000, 26412, 'Instituto Federal do Sul de Minas Gerais');
insert into orgao(id_orgao_superior, id_orgao, nome) values (30000, 30907, 'Fundo Penitenciário Nacional');
insert into orgao(id_orgao_superior, id_orgao, nome) values (26000, 26411, 'Instituto Federal do Sudeste de Minas Gerais');
insert into orgao(id_orgao_superior, id_orgao, nome) values (24000, 24209, 'Centro Nacional de Tecnologia Eletrônica Avan');
insert into orgao(id_orgao_superior, id_orgao, nome) values (26000, 26252, 'Universidade Federal de Campina Grande');
insert into orgao(id_orgao_superior, id_orgao, nome) values (26000, 26239, 'Universidade Federal do Pará');
insert into orgao(id_orgao_superior, id_orgao, nome) values (26000, 26238, 'Universidade Federal de Minas Gerais');
insert into orgao(id_orgao_superior, id_orgao, nome) values (30000, 30211, 'Conselho Administrativo de Defesa Econômica');
insert into orgao(id_orgao_superior, id_orgao, nome) values (32000, 29208, 'Companhia de Pesquisa de Recursos Minerais');
insert into orgao(id_orgao_superior, id_orgao, nome) values (26000, 26434, 'Instituto Federal Fluminense');
insert into orgao(id_orgao_superior, id_orgao, nome) values (26000, 26420, 'Instituto Federal Farroupilha');
insert into orgao(id_orgao_superior, id_orgao, nome) values (26000, 26246, 'Universidade Federal de Santa Catarina');
insert into orgao(id_orgao_superior, id_orgao, nome) values (26000, 26257, 'Centro Federal de Educação Tecnológica de Min');
insert into orgao(id_orgao_superior, id_orgao, nome) values (26000, 26431, 'Instituto Federal do Piauí');
insert into orgao(id_orgao_superior, id_orgao, nome) values (20000, 20116, 'Fundo de Imprensa Nacional');
insert into orgao(id_orgao_superior, id_orgao, nome) values (26000, 26267, 'Universidade Federal da Integração Latino-Ame');
insert into orgao(id_orgao_superior, id_orgao, nome) values (24000, 20501, 'Conselho Nacional de Desenvolvimento Científi');
insert into orgao(id_orgao_superior, id_orgao, nome) values (26000, 26232, 'Universidade Federal da Bahia');
insert into orgao(id_orgao_superior, id_orgao, nome) values (25000, 61201, 'Instituto de Pesquisa Econômica Aplicada');
insert into orgao(id_orgao_superior, id_orgao, nome) values (26000, 26292, 'Fundação Joaquim Nabuco');
insert into orgao(id_orgao_superior, id_orgao, nome) values (26000, 26278, 'Fundação Universidade Federal de Pelotas');
insert into orgao(id_orgao_superior, id_orgao, nome) values (52000, 52904, 'Fundo do Exército');
insert into orgao(id_orgao_superior, id_orgao, nome) values (26000, 26447, 'Universidade Federal do Oeste da Bahia');
insert into orgao(id_orgao_superior, id_orgao, nome) values (26000, 26281, 'Fundação Universidade Federal de Sergipe');
insert into orgao(id_orgao_superior, id_orgao, nome) values (26000, 26423, 'Instituto Federal de Sergipe');
insert into orgao(id_orgao_superior, id_orgao, nome) values (26000, 26415, 'Instituto Federal do Mato Grosso do Sul');
insert into orgao(id_orgao_superior, id_orgao, nome) values (26000, 26273, 'Universidade Federal do Rio Grande');
insert into orgao(id_orgao_superior, id_orgao, nome) values (26000, 26231, 'Universidade Federal de Alagoas');
insert into orgao(id_orgao_superior, id_orgao, nome) values (26000, 26250, 'Universidade Federal de Roraima');
insert into orgao(id_orgao_superior, id_orgao, nome) values (25000, 20202, 'Fundação Escola Nacional de Administração Púb');
insert into orgao(id_orgao_superior, id_orgao, nome) values (26000, 26433, 'Instituto Federal do Rio de Janeiro');
insert into orgao(id_orgao_superior, id_orgao, nome) values (26000, 26279, 'Fundação Universidade Federal do Piauí');
insert into orgao(id_orgao_superior, id_orgao, nome) values (26000, 26276, 'Fundação Universidade Federal do Mato Grosso');
insert into orgao(id_orgao_superior, id_orgao, nome) values (26000, 26253, 'Universidade Federal Rural da Amazônia');
insert into orgao(id_orgao_superior, id_orgao, nome) values (52000, 31280, 'Caixa de Construções de Casas para o Pessoal ');
insert into orgao(id_orgao_superior, id_orgao, nome) values (26000, 26244, 'Universidade Federal do Rio Grande do Sul');
insert into orgao(id_orgao_superior, id_orgao, nome) values (53000, 29214, 'Companhia Brasileira de Trens Urbanos');
insert into orgao(id_orgao_superior, id_orgao, nome) values (26000, 26263, 'Universidade Federal de Lavras');
insert into orgao(id_orgao_superior, id_orgao, nome) values (26000, 26247, 'Universidade Federal de Santa Maria');
insert into orgao(id_orgao_superior, id_orgao, nome) values (26000, 26284, 'Fundação Universidade Federal de Ciências da ');
insert into orgao(id_orgao_superior, id_orgao, nome) values (26000, 26425, 'Instituto Federal do Acre');
insert into orgao(id_orgao_superior, id_orgao, nome) values (54000, 54000, 'Ministério do Turismo - Unidades com vínculo ');
insert into orgao(id_orgao_superior, id_orgao, nome) values (26000, 26285, 'Fundação Universidade Federal de São João Del');
insert into orgao(id_orgao_superior, id_orgao, nome) values (25000, 25203, 'Comissão de Valores Mobiliários');
insert into orgao(id_orgao_superior, id_orgao, nome) values (26000, 26233, 'Universidade Federal do Ceará');
insert into orgao(id_orgao_superior, id_orgao, nome) values (26000, 26448, 'Universidade Federal do Sul e Sudeste do Pará');
insert into orgao(id_orgao_superior, id_orgao, nome) values (26000, 26269, 'Universidade Federal do Estado do Rio de Jane');
insert into orgao(id_orgao_superior, id_orgao, nome) values (53000, 53207, 'Superintendência de Desenvolvimento do Centro');
insert into orgao(id_orgao_superior, id_orgao, nome) values (54000, 42207, 'Instituto Brasileiro de Museus');
insert into orgao(id_orgao_superior, id_orgao, nome) values (26000, 26254, 'Universidade Federal do Triângulo Mineiro');
insert into orgao(id_orgao_superior, id_orgao, nome) values (26000, 26241, 'Universidade Federal do Paraná');
insert into orgao(id_orgao_superior, id_orgao, nome) values (40000, 40000, 'Ministério do Trabalho - Unidades com vínculo');
insert into orgao(id_orgao_superior, id_orgao, nome) values (40000, 37201, 'Fundação Jorge Duprat Figueiredo, de Seguranç');
insert into orgao(id_orgao_superior, id_orgao, nome) values (25000, 20603, 'Superintendência da Zona Franca de Manaus');
insert into orgao(id_orgao_superior, id_orgao, nome) values (53000, 53203, 'Superintendência do Desenvolvimento do Nordes');
insert into orgao(id_orgao_superior, id_orgao, nome) values (26000, 26242, 'Universidade Federal de Pernambuco');
insert into orgao(id_orgao_superior, id_orgao, nome) values (26000, 26277, 'Universidade Federal de Ouro Preto');
insert into orgao(id_orgao_superior, id_orgao, nome) values (53000, 44205, 'Agência Nacional de Águas');
insert into orgao(id_orgao_superior, id_orgao, nome) values (26000, 26240, 'Universidade Federal da Paraíba');
insert into orgao(id_orgao_superior, id_orgao, nome) values (26000, 26454, 'UNIVERSIDADE FEDERAL DE RONDONOPOLIS');
insert into orgao(id_orgao_superior, id_orgao, nome) values (26000, 26450, 'Universidade Federal do Sul da Bahia');
insert into orgao(id_orgao_superior, id_orgao, nome) values (26000, 26291, 'Fundação Coordenação de Aperfeiçoamento de Pe');
insert into orgao(id_orgao_superior, id_orgao, nome) values (40000, 33206, 'Superintendência Nacional de Previdência Comp');
insert into orgao(id_orgao_superior, id_orgao, nome) values (26000, 26268, 'Fundação Universidade Federal de Rondônia');
insert into orgao(id_orgao_superior, id_orgao, nome) values (26000, 26272, 'Fundação Universidade do Maranhão');
insert into orgao(id_orgao_superior, id_orgao, nome) values (26000, 26441, 'Universidade Federal do Oeste do Pará');
insert into orgao(id_orgao_superior, id_orgao, nome) values (26000, 26000, 'Ministério da Educação - Unidades com vínculo');
insert into orgao(id_orgao_superior, id_orgao, nome) values (26000, 26260, 'Universidade Federal de Alfenas');
insert into orgao(id_orgao_superior, id_orgao, nome) values (32000, 91081, 'Empresas de Energia');
insert into orgao(id_orgao_superior, id_orgao, nome) values (39000, 39000, 'Ministério da Infraestrutura - Unidades com v');
insert into orgao(id_orgao_superior, id_orgao, nome) values (26000, 26437, 'Instituto Federal de Roraima');
insert into orgao(id_orgao_superior, id_orgao, nome) values (26000, 26286, 'Fundação Universidade Federal do Amapá');
insert into orgao(id_orgao_superior, id_orgao, nome) values (37000, 37000, 'Controladoria-Geral da União - Unidades com v');
insert into orgao(id_orgao_superior, id_orgao, nome) values (25000, 30203, 'Instituto Nacional de Metrologia, Qualidade e');
insert into orgao(id_orgao_superior, id_orgao, nome) values (26000, 26266, 'Fundação Universidade Federal do Pampa');
insert into orgao(id_orgao_superior, id_orgao, nome) values (32000, 32210, 'Agência Nacional de Energia Elétrica');
insert into orgao(id_orgao_superior, id_orgao, nome) values (26000, 26442, 'Universidade da Integração Internacional da L');
insert into orgao(id_orgao_superior, id_orgao, nome) values (53000, 53202, 'Superintendência do Desenvolvimento da Amazôn');
insert into orgao(id_orgao_superior, id_orgao, nome) values (44000, 44000, 'Ministério do Meio Ambiente - Unidades com ví');
insert into orgao(id_orgao_superior, id_orgao, nome) values (26000, 26290, 'Instituto Nacional de Estudos e Pesquisas Edu');
insert into orgao(id_orgao_superior, id_orgao, nome) values (39000, 62901, 'Fundo Nacional de Aviação Civil');
insert into orgao(id_orgao_superior, id_orgao, nome) values (20000, 60000, 'Gabinete da Vice-Presidência da República');

insert into unidade_gestora(id_orgao, id_unidade_gestora, nome) values (26256,	153010,	'CENTRO FED.DE EDUC.TECNOL.CELSO S.DA FONSECA'),
insert into unidade_gestora(id_orgao, id_unidade_gestora, nome) values (37202,	510180,	'SUPERINTENDENCIA REGIONAL SUDESTE II');
insert into unidade_gestora(id_orgao, id_unidade_gestora, nome) values (52121,	160028,	'35º BATALHAO DE INFANTARIA');
insert into unidade_gestora(id_orgao, id_unidade_gestora, nome) values (52121,	160091,	'CENTRO INTEGRADO DE TELEMATICA DO EXERCITO');
insert into unidade_gestora(id_orgao, id_unidade_gestora, nome) values (26282,	154051,	'UNIVERSIDADE FEDERAL DE VICOSA');
insert into unidade_gestora(id_orgao, id_unidade_gestora, nome) values (52111,	120641,	'BASE AEREA DE PORTO VELHO');
insert into unidade_gestora(id_orgao, id_unidade_gestora, nome) values (26443,	155016,	'EBSERH HU-UFGD');
insert into unidade_gestora(id_orgao, id_unidade_gestora, nome) values (26429,	158640,	'INST.FED.DE GOIAS/CAMPUS AGUAS LINDAS');
insert into unidade_gestora(id_orgao, id_unidade_gestora, nome) values (26271,	154040,	'FUNDACAO UNIVERSIDADE DE BRASILIA - FUB');
insert into unidade_gestora(id_orgao, id_unidade_gestora, nome) values (52121,	160298,	'COMANDO DA 1 REGIAO MILITAR');
insert into unidade_gestora(id_orgao, id_unidade_gestora, nome) values (52121,	160158,	'COMANDO 13  BDA DE INFANTARIA MOTORIZADA');
insert into unidade_gestora(id_orgao, id_unidade_gestora, nome) values (26443,	155907,	'HOSPITAL UNIVERSITARIO PROF. EDGARD SANTOS');
insert into unidade_gestora(id_orgao, id_unidade_gestora, nome) values (44207,	443055,	'INST.CHICO MENDES DE CONSER.DA BIODIVERSIDADE');
insert into unidade_gestora(id_orgao, id_unidade_gestora, nome) values (20415,	115406,	'EMPRESA BRASIL DE COMUNICACAO S.A');
insert into unidade_gestora(id_orgao, id_unidade_gestora, nome) values (26406,	158428,	'INST.FED. ESPIRITO SANTO/CAMPUS IBATIBA');
insert into unidade_gestora(id_orgao, id_unidade_gestora, nome) values (26405,	158960,	'CAMPUS CAUCAIA/IFCE');
insert into unidade_gestora(id_orgao, id_unidade_gestora, nome) values (30911,	200331,	'FUNDO NACIONAL DE SEGURANCA PUBLICA - FNSP');
insert into unidade_gestora(id_orgao, id_unidade_gestora, nome) values (52121,	160285,	'ARSENAL DE GUERRA DO RIO');
insert into unidade_gestora(id_orgao, id_unidade_gestora, nome) values (26443,	155126,	'HOSPITAL UNIVERSITARIO PROF ALBERTO ANTUNES');
insert into unidade_gestora(id_orgao, id_unidade_gestora, nome) values (26422,	158125,	'INSTITUTO FEDERAL CATARINENSE - REITORIA');
insert into unidade_gestora(id_orgao, id_unidade_gestora, nome) values (26408,	158286,	'INST.FED.DO MARANHAO/CAMPUS MONTE CASTELO');
insert into unidade_gestora(id_orgao, id_unidade_gestora, nome) values (52131,	784810,	'CENTRO DE INTENDENCIA DA MARINHA EM BELEM');
insert into unidade_gestora(id_orgao, id_unidade_gestora, nome) values (26439,	158528,	'IFSP - CAMPUS PIRACICABA');
insert into unidade_gestora(id_orgao, id_unidade_gestora, nome) values (36000,	250059,	'INSTITUTO NACIONAL DE CARDIOLOGIA');
insert into unidade_gestora(id_orgao, id_unidade_gestora, nome) values (30108,	200374,	'SUPERINTENDENCIA REGIONAL NO ESTADO DO MT');
insert into unidade_gestora(id_orgao, id_unidade_gestora, nome) values (52131,	779000,	'DIR. DE PATR. HIST. E DOCUMENTACAO DA MARINHA');
insert into unidade_gestora(id_orgao, id_unidade_gestora, nome) values (52121,	160069,	'CENTRO DE OBTENCOES DO EXERCITO');
insert into unidade_gestora(id_orgao, id_unidade_gestora, nome) values (26249,	153166,	'UNIVERSIDADE FEDERAL RURAL DO RIO DE JANEIRO');
insert into unidade_gestora(id_orgao, id_unidade_gestora, nome) values (26234,	153046,	'UNIVERSIDADE FEDERAL DO ESPIRITO SANTO');
insert into unidade_gestora(id_orgao, id_unidade_gestora, nome) values (26274,	154043,	'FUNDACAO UNIVERSIDADE FEDERAL DE UBERLANDIA');
insert into unidade_gestora(id_orgao, id_unidade_gestora, nome) values (36201,	254445,	'INSTITUTO DE TECNOLOGIA EM IMUNOBIOLOGICOS');
insert into unidade_gestora(id_orgao, id_unidade_gestora, nome) values (37202,	510178,	'SUPERINTENDENCIA REGIONAL SUDESTE I');
insert into unidade_gestora(id_orgao, id_unidade_gestora, nome) values (52121,	160295,	'CMDO GRUPAMENTO UNID.ESCOLA/9ª BDA INF MTZ');
insert into unidade_gestora(id_orgao, id_unidade_gestora, nome) values (52131,	782700,	'HOSPITAL NAVAL_DE SALVADOR');
insert into unidade_gestora(id_orgao, id_unidade_gestora, nome) values (41231,	413010,	'AGENCIA NACIONAL DE TELECOMUNICACOES-CE');
insert into unidade_gestora(id_orgao, id_unidade_gestora, nome) values (26230,	154421,	'FUND. UNIVERSIDADE FEDERAL VALE SAO FRANCISCO');
insert into unidade_gestora(id_orgao, id_unidade_gestora, nome) values (22000,	130005,	'COORD.-GERAL DE EXECUCAO ORC.E FIN./DA/MAPA');
insert into unidade_gestora(id_orgao, id_unidade_gestora, nome) values (55000,	550005,	'COORDENACAO GERAL DE LICITACOES E CONTRATOS.');
insert into unidade_gestora(id_orgao, id_unidade_gestora, nome) values (36201,	254447,	'INST NACIONAL DE SAUDE FERNANDES FIGUEIRA');
insert into unidade_gestora(id_orgao, id_unidade_gestora, nome) values (52121,	160422,	'COMANDO 1 BRIGADA DE CAVALARIA MECANIZADA');
insert into unidade_gestora(id_orgao, id_unidade_gestora, nome) values (26406,	158151,	'INST.FED.DE EDUC.,CIENC.E TEC.DO ESP.SANTO');
insert into unidade_gestora(id_orgao, id_unidade_gestora, nome) values (26430,	158278,	'INST.FED.S.PERNAMB./CAMPUS PETROLINA Z.RURAL');
insert into unidade_gestora(id_orgao, id_unidade_gestora, nome) values (36212,	253002,	'AGENCIA NACIONAL DE VIGILANCIA SANITARIA');
insert into unidade_gestora(id_orgao, id_unidade_gestora, nome) values (52111,	120645,	'GRUPAMENTO DE APOIO DO GALEAO');
insert into unidade_gestora(id_orgao, id_unidade_gestora, nome) values (30000,	200005,	'COORDENACAO-GERAL DE LOGISTICA E CONTRATOS/MJ');
insert into unidade_gestora(id_orgao, id_unidade_gestora, nome) values (26439,	158578,	'IFSP - CAMPUS HORTOLANDIA');
insert into unidade_gestora(id_orgao, id_unidade_gestora, nome) values (20411,	343013,	'SUPERINTENDENCIA DO IPHAN M. GERAIS, IPHAN-MG');
insert into unidade_gestora(id_orgao, id_unidade_gestora, nome) values (26413,	158099,	'INST.FED.DE EDUC.,CIENC.E TEC.DO TRIA.MINEIRO');
insert into unidade_gestora(id_orgao, id_unidade_gestora, nome) values (52121,	160113,	'4 BATALHAO DE ENGENHARIA DE COMBATE');
insert into unidade_gestora(id_orgao, id_unidade_gestora, nome) values (26298,	153173,	'FUNDO NACIONAL DE DESENVOLVIMENTO DA EDUCACAO');
insert into unidade_gestora(id_orgao, id_unidade_gestora, nome) values (52121,	160404,	'4 REGIMENTO DE CARRROS DE COMBATE');
insert into unidade_gestora(id_orgao, id_unidade_gestora, nome) values (25000,	170533,	'ALFANDEGA DA RFB EM SAO PAULO');
insert into unidade_gestora(id_orgao, id_unidade_gestora, nome) values (30108,	200334,	'COORDENACAO GERAL DE ADMINISTRACAO CGAD/DLOG/');
insert into unidade_gestora(id_orgao, id_unidade_gestora, nome) values (26258,	152134,	'UTFPR - CAMPUS GUARAPUAVA');
insert into unidade_gestora(id_orgao, id_unidade_gestora, nome) values (36000,	257047,	'DISTRITO SANIT.ESP.INDIGENA - PERNAMBUCO');
insert into unidade_gestora(id_orgao, id_unidade_gestora, nome) values (20101,	110001,	'SECRETARIA ESPECIAL DE ADMINISTRACAO/PR');
insert into unidade_gestora(id_orgao, id_unidade_gestora, nome) values (26410,	158441,	'INST.FED DO NORTE DE MG/CAMPUS ARACUAI');
insert into unidade_gestora(id_orgao, id_unidade_gestora, nome) values (26429,	158434,	'INST.FED.DE GOIAS/CAMPUS URUACU');
insert into unidade_gestora(id_orgao, id_unidade_gestora, nome) values (20411,	343043,	'SUPERINTENDENCIA DO IPHAN EM TOCANTINS - TO');
insert into unidade_gestora(id_orgao, id_unidade_gestora, nome) values (26403,	158562,	'IFAM - CAMPUS PRESIDENTE FIGUEIREDO');
insert into unidade_gestora(id_orgao, id_unidade_gestora, nome) values (26443,	155023,	'HOSPITAL UNIVERSITARIO LAURO WANDERLEY');
insert into unidade_gestora(id_orgao, id_unidade_gestora, nome) values (52111,	120016,	'GRUPAMENTO DE APOIO DE S J CAMPOS');
insert into unidade_gestora(id_orgao, id_unidade_gestora, nome) values (36000,	257031,	'DISTRITO SANIT.ESP.INDIGENA - AMAPA');
insert into unidade_gestora(id_orgao, id_unidade_gestora, nome) values (36000,	250057,	'INST. NACIONAL DE TRAUMATOLOGIA E ORTOPEDIA');
insert into unidade_gestora(id_orgao, id_unidade_gestora, nome) values (52121,	160121,	'HOSPITAL GERAL DE JUIZ DE FORA');
insert into unidade_gestora(id_orgao, id_unidade_gestora, nome) values (20301,	113205,	'COMISSAO NACIONAL DE ENERGIA NUCLEAR-CDTN');
insert into unidade_gestora(id_orgao, id_unidade_gestora, nome) values (26435,	154839,	'CPST FED RN / CAMPUS CANGUARETAMA');
insert into unidade_gestora(id_orgao, id_unidade_gestora, nome) values (22000,	130058,	'LABORATORIO FEDERAL DE DEFESA AGROPECUARIA/MG');
insert into unidade_gestora(id_orgao, id_unidade_gestora, nome) values (26414,	158492,	'INST.FED.MATO GROSSO/CAMPUS CAMPO N. PARECIS');
insert into unidade_gestora(id_orgao, id_unidade_gestora, nome) values (52111,	120071,	'CENTRO LOGISTICO DA AERONAUTICA');
insert into unidade_gestora(id_orgao, id_unidade_gestora, nome) values (52131,	789320,	'CAPITANIA FLUVIAL DO TIETE-PARANA');
insert into unidade_gestora(id_orgao, id_unidade_gestora, nome) values (36201,	254420,	'FUNDACAO OSWALDO CRUZ');
insert into unidade_gestora(id_orgao, id_unidade_gestora, nome) values (26439,	158750,	'IFSP - CAMPUS SAO PAULO PIRITUBA');
insert into unidade_gestora(id_orgao, id_unidade_gestora, nome) values (52121,	160396,	'COMISSAO REGIONAL DE OBRAS/3');
insert into unidade_gestora(id_orgao, id_unidade_gestora, nome) values (25205,	114601,	'FUNDACAO IBGE-ADMINISTRACAO CENTRAL/RJ');
insert into unidade_gestora(id_orgao, id_unidade_gestora, nome) values (30108,	200382,	'SUPERINTENDENCIA REGIONAL NO ESTADO DO AM');
insert into unidade_gestora(id_orgao, id_unidade_gestora, nome) values (36201,	254421,	'INSTITUTO AGGEU MAGALHAES');
insert into unidade_gestora(id_orgao, id_unidade_gestora, nome) values (25205,	114608,	'UNIDADE ESTADUAL DO IBGE NO MARANHAO');
insert into unidade_gestora(id_orgao, id_unidade_gestora, nome) values (39252,	393021,	'SUPERINTENDENCIA REG. NO ESTADO RN - DNIT');
insert into unidade_gestora(id_orgao, id_unidade_gestora, nome) values (39252,	393027,	'SUPERINTENDENCIA REG. NO ESTADO BA - DNIT');
insert into unidade_gestora(id_orgao, id_unidade_gestora, nome) values (39252,	393010,	'SUPERINTENDENCIA REG. NO ESTADO MS - DNIT');
insert into unidade_gestora(id_orgao, id_unidade_gestora, nome) values (52121,	160220,	'COMISSAO REGIONAL DE OBRAS/5');
insert into unidade_gestora(id_orgao, id_unidade_gestora, nome) values (36000,	250005,	'DEPARTAMENTO DE LOGISTICA EM SAUDE - DLOG');
insert into unidade_gestora(id_orgao, id_unidade_gestora, nome) values (26443,	155022,	'EBSERH HC-UFPE');
insert into unidade_gestora(id_orgao, id_unidade_gestora, nome) values (52121,	160501,	'MUSEU HISTORICO DO EXERCITO FORTE COPACABANA');
insert into unidade_gestora(id_orgao, id_unidade_gestora, nome) values (52121,	160007,	'4 BATALHAO DE AVIACAO DO EXERCITO');
insert into unidade_gestora(id_orgao, id_unidade_gestora, nome) values (20701,	193099,	'IBAMA-INST.BRAS.DO MEIO AMB.E DOS REC.NAT.REN');
insert into unidade_gestora(id_orgao, id_unidade_gestora, nome) values (20408,	344041,	'FUNDACAO CULTURAL PALMARES');
insert into unidade_gestora(id_orgao, id_unidade_gestora, nome) values (26275,	154044,	'FUNDACAO UNIVERSIDADE FEDERAL DO ACRE');
insert into unidade_gestora(id_orgao, id_unidade_gestora, nome) values (26410,	158377,	'INST.FED.DO NORTE DE MG/CAMPUS SALINAS');
insert into unidade_gestora(id_orgao, id_unidade_gestora, nome) values (22204,	193009,	'DNOCS - CEST/BA - SALVADOR - BA');
insert into unidade_gestora(id_orgao, id_unidade_gestora, nome) values (63000,	110097,	'SUPERINTENDENCIA ADMINISTRACAO NO RIO G. SUL');
insert into unidade_gestora(id_orgao, id_unidade_gestora, nome) values (26402,	158382,	'INST.FED. ALAGOAS/CAMPUS SATUBA');
insert into unidade_gestora(id_orgao, id_unidade_gestora, nome) values (52121,	160088,	'HOSPITAL MILITAR DE AREA DE BRASILIA');
insert into unidade_gestora(id_orgao, id_unidade_gestora, nome) values (26413,	158311,	'INST.FED.TRIANGULO MINEIRO/CAMPUS ITUIUTABA');
insert into unidade_gestora(id_orgao, id_unidade_gestora, nome) values (26404,	158443,	'INST.FED.BAIANO/CAMPUS CATU');
insert into unidade_gestora(id_orgao, id_unidade_gestora, nome) values (52121,	160136,	'9º GRUPAMENTO LOGISTICO');
insert into unidade_gestora(id_orgao, id_unidade_gestora, nome) values (30802,	200111,	'SUPERINTENDENCIA REG. POL. RODV. FEDERAL-PA');
insert into unidade_gestora(id_orgao, id_unidade_gestora, nome) values (52121,	160462,	'COMANDO DA 12 BRIG.DE INFANT.LEVE (AEROMOVEL)');
insert into unidade_gestora(id_orgao, id_unidade_gestora, nome) values (39250,	393001,	'AGENCIA NACIONAL DE TRANSPORTES TERRESTRES');
insert into unidade_gestora(id_orgao, id_unidade_gestora, nome) values (52121,	160001,	'7º BATALHAO DE ENGENHARIA DE CONSTRUCAO');
insert into unidade_gestora(id_orgao, id_unidade_gestora, nome) values (26262,	153031,	'UNIFESP-UNIVERSIDADE FEDERAL DE SAO PAULO');
insert into unidade_gestora(id_orgao, id_unidade_gestora, nome) values (52111,	120630,	'GRUPAMENTO DE APOIO DE MANAUS');
insert into unidade_gestora(id_orgao, id_unidade_gestora, nome) values (26409,	158122,	'INST.FED.DE EDUC.,CIENC.E TEC.DE MINAS GERAIS');
insert into unidade_gestora(id_orgao, id_unidade_gestora, nome) values (22000,	130063,	'SUPERINT.FED.DE AGRIC.,PEC.E ABASTECIMENTO/RJ');
insert into unidade_gestora(id_orgao, id_unidade_gestora, nome) values (26432,	158009,	'INST. FED. DO PARANA/ REITORIA');
insert into unidade_gestora(id_orgao, id_unidade_gestora, nome) values (25000,	170166,	'GERENCIA REG.DE ADM.DO ME - SANTA CATARINA');
insert into unidade_gestora(id_orgao, id_unidade_gestora, nome) values (26452,	156679,	'UNIVERSIDADE FEDERAL DE CATALAO');
insert into unidade_gestora(id_orgao, id_unidade_gestora, nome) values (26414,	158498,	'INST.FED.MATO GROSSO/CAMPUS RONDONOPOLIS');
insert into unidade_gestora(id_orgao, id_unidade_gestora, nome) values (36000,	257034,	'DISTRITO SANIT.ESP.INDIGENA - MARANHAO');
insert into unidade_gestora(id_orgao, id_unidade_gestora, nome) values (26261,	153030,	'UNIVERSIDADE FEDERAL DE ITAJUBA');
insert into unidade_gestora(id_orgao, id_unidade_gestora, nome) values (26406,	158425,	'INST.FED. ESPIRITO SANTO/CAMPUS ALEGRE');
insert into unidade_gestora(id_orgao, id_unidade_gestora, nome) values (52222,	164204,	'FUNDACAO OSORIO');
insert into unidade_gestora(id_orgao, id_unidade_gestora, nome) values (26236,	150182,	'PRO-REITORIA DE ADMINISTRACAO/UFF');
insert into unidade_gestora(id_orgao, id_unidade_gestora, nome) values (26264,	153033,	'UNIVERSIDADE FEDERAL RURAL DO SEMI-ARIDO - RN');
insert into unidade_gestora(id_orgao, id_unidade_gestora, nome) values (26435,	158368,	'INST.FED.DO RN/CAMPUS NATAL - ZONA NORTE');
insert into unidade_gestora(id_orgao, id_unidade_gestora, nome) values (26439,	158526,	'IFSP - CAMPUS ITAPETININGA');
insert into unidade_gestora(id_orgao, id_unidade_gestora, nome) values (26255,	153036,	'UNIVERSIDADE FED.VALES JEQUITINHONHA E MUCURI');
insert into unidade_gestora(id_orgao, id_unidade_gestora, nome) values (52131,	784700,	'HOSPITAL NAVAL DE BELEM');
insert into unidade_gestora(id_orgao, id_unidade_gestora, nome) values (26243,	153103,	'UNIVERSIDADE FEDERAL DO RIO GRANDE DO NORTE');
insert into unidade_gestora(id_orgao, id_unidade_gestora, nome) values (25205,	114615,	'UNIDADE ESTADUAL DO IBGE EM ALAGOAS');
insert into unidade_gestora(id_orgao, id_unidade_gestora, nome) values (25205,	114619,	'UNIDADE ESTADUAL DO IBGE NO ESPIRITO SANTO');
insert into unidade_gestora(id_orgao, id_unidade_gestora, nome) values (36211,	255006,	'FUNDACAO NACIONAL DE SAUDE - CE');
insert into unidade_gestora(id_orgao, id_unidade_gestora, nome) values (52111,	120195,	'CENTRO DE AQUISICOES ESPECIFICAS');
insert into unidade_gestora(id_orgao, id_unidade_gestora, nome) values (26438,	158516,	'INST.FED.DE EDUC.,CIENC.E TEC.DE STA.CAT/IFSC');
insert into unidade_gestora(id_orgao, id_unidade_gestora, nome) values (52111,	120632,	'BASE AEREA DE RECIFE');
insert into unidade_gestora(id_orgao, id_unidade_gestora, nome) values (26405,	158957,	'CAMPUS UMIRIM/IFCE');
insert into unidade_gestora(id_orgao, id_unidade_gestora, nome) values (32205,	323031,	'ESCRITORIO CENTRAL DA ANP');
insert into unidade_gestora(id_orgao, id_unidade_gestora, nome) values (26418,	158478,	'IFPE - CAMPUS BELO JARDIM');
insert into unidade_gestora(id_orgao, id_unidade_gestora, nome) values (29209,	275075,	'VALEC ENGENHARIA CONSTRUCOES E FERROVIAS S/A.');
insert into unidade_gestora(id_orgao, id_unidade_gestora, nome) values (30802,	200233,	'SUPERINTENDENCIA REG. POL. RODV. FEDERAL-AP');
insert into unidade_gestora(id_orgao, id_unidade_gestora, nome) values (26414,	158144,	'INST.FED.DE EDUC.,CIENC.E TEC.DO MATO GROSSO');
insert into unidade_gestora(id_orgao, id_unidade_gestora, nome) values (22204,	193005,	'DNOCS - CEST/PB - JOAO PESSOA - PB');
insert into unidade_gestora(id_orgao, id_unidade_gestora, nome) values (22000,	130032,	'LABORATORIO FEDERAL DE DEFESA AGROPECUARIA/GO');
insert into unidade_gestora(id_orgao, id_unidade_gestora, nome) values (22000,	130016,	'LABORATORIO FEDERAL DE DEFESA AGROPECUARIA/PE');
insert into unidade_gestora(id_orgao, id_unidade_gestora, nome) values (30108,	200392,	'SUPERINTENDENCIA REGIONAL NO ESTADO DO CE');
insert into unidade_gestora(id_orgao, id_unidade_gestora, nome) values (52131,	789321,	'DELEGACIA FLUVIAL DE PRESIDENTE EPITACIO');
insert into unidade_gestora(id_orgao, id_unidade_gestora, nome) values (25915,	170394,	'FCDF±SSP±CORPO BOMBEIRO MILITAR DO DF');
insert into unidade_gestora(id_orgao, id_unidade_gestora, nome) values (25201,	179087,	'BANCO CENTRAL DO BRASIL');
insert into unidade_gestora(id_orgao, id_unidade_gestora, nome) values (22000,	130011,	'INSTITUTO NACIONAL DE METEOROLOGIA');
insert into unidade_gestora(id_orgao, id_unidade_gestora, nome) values (22204,	193003,	'DNOCS CEST/CE - FORTALEZA-CE');
insert into unidade_gestora(id_orgao, id_unidade_gestora, nome) values (20701,	193113,	'IBAMA - SUPERINTENDENCIA DO MATO GROSSO/MT');
insert into unidade_gestora(id_orgao, id_unidade_gestora, nome) values (52111,	120014,	'BASE AEREA DE FORTALEZA');
insert into unidade_gestora(id_orgao, id_unidade_gestora, nome) values (26237,	153061,	'UNIVERSIDADE FEDERAL DE JUIZ DE FORA');
insert into unidade_gestora(id_orgao, id_unidade_gestora, nome) values (26404,	151889,	'IF BAIANO CAMPUS BOM JESUS DA LAPA');
insert into unidade_gestora(id_orgao, id_unidade_gestora, nome) values (52111,	120025,	'ESCOLA PREPARATORIA DE CADETES DO AR');
insert into unidade_gestora(id_orgao, id_unidade_gestora, nome) values (24000,	240137,	'CENTRO DE TECNOLOGIAS ESTRATEG. DO NORDESTE');
insert into unidade_gestora(id_orgao, id_unidade_gestora, nome) values (36213,	253003,	'AGENCIA NACIONAL DE SAUDE SUPLEMENTAR');
insert into unidade_gestora(id_orgao, id_unidade_gestora, nome) values (26439,	158520,	'IFSP - CAMPUS CATANDUVA');
insert into unidade_gestora(id_orgao, id_unidade_gestora, nome) values (52121,	160141,	'COMISSAO REGIONAL DE OBRAS DA 9ª RM');
insert into unidade_gestora(id_orgao, id_unidade_gestora, nome) values (20411,	343005,	'SUPERINTENDENCIA DO IPHAN PERNAMBUCO,IPHAN-PE');
insert into unidade_gestora(id_orgao, id_unidade_gestora, nome) values (26443,	155017,	'HOSPITAL UNIVERSITARIO DA UFS');
insert into unidade_gestora(id_orgao, id_unidade_gestora, nome) values (30108,	200380,	'SUPERINTENDENCIA REGIONAL NO ESTADO DO AC');
insert into unidade_gestora(id_orgao, id_unidade_gestora, nome) values (25000,	170055,	'SUPERINTENDENCIA REG. ADM. DO ME - PERNANBUCO');
insert into unidade_gestora(id_orgao, id_unidade_gestora, nome) values (52121,	160385,	'3 BATALHAO DE COMUNICACOES');
insert into unidade_gestora(id_orgao, id_unidade_gestora, nome) values (25000,	170010,	'SECRETARIA ESP. DA RECEITA FEDERAL DO BRASIL');
insert into unidade_gestora(id_orgao, id_unidade_gestora, nome) values (52131,	788810,	'ESTACAO NAVAL DO RIO NEGRO');
insert into unidade_gestora(id_orgao, id_unidade_gestora, nome) values (81000,	810005,	'COORDENACAO-GERAL DE LOGISTICA - MDH');
insert into unidade_gestora(id_orgao, id_unidade_gestora, nome) values (26427,	158145,	'INST.FED.DE EDUC.,CIENC.E TEC.DA BAHIA');
insert into unidade_gestora(id_orgao, id_unidade_gestora, nome) values (22201,	373046,	'SUPERINT.REGIONAL DO R.GRANDE DO NORTE SR(RN)');
insert into unidade_gestora(id_orgao, id_unidade_gestora, nome) values (52121,	160528,	'BASE ADMINISTRATIVA DO C COM G EX');
insert into unidade_gestora(id_orgao, id_unidade_gestora, nome) values (26352,	154503,	'FUNDACAO UNIVERSIDADE FEDERAL DO ABC');
insert into unidade_gestora(id_orgao, id_unidade_gestora, nome) values (26424,	158489,	'INST.FED.DO TOCANTINS/CAMPUS PARAISO DO TO');
insert into unidade_gestora(id_orgao, id_unidade_gestora, nome) values (52131,	785810,	'CENTRO DE INTENDENCIA DA MARINHA EM RIO GRAND');
insert into unidade_gestora(id_orgao, id_unidade_gestora, nome) values (26418,	158464,	'IFPE - CAMPUS RECIFE');
insert into unidade_gestora(id_orgao, id_unidade_gestora, nome) values (36201,	254423,	'INSTITUTO RENNE RACHOU');
insert into unidade_gestora(id_orgao, id_unidade_gestora, nome) values (26403,	158142,	'INST.FED.DE EDUC.,CIENC.E TEC.DO AMAZONAS');
insert into unidade_gestora(id_orgao, id_unidade_gestora, nome) values (41231,	413001,	'AGENCIA NACIONAL DE TELECOMUNICACOES-SEDE');
insert into unidade_gestora(id_orgao, id_unidade_gestora, nome) values (36000,	257051,	'DISTRITO SANIT.ESP.INDIGENA - LESTE RR');
insert into unidade_gestora(id_orgao, id_unidade_gestora, nome) values (52121,	160038,	'6º DEPOSITO DE SUPRIMENTO');
insert into unidade_gestora(id_orgao, id_unidade_gestora, nome) values (52131,	771100,	'BASE DE ABASTEC. DA MARINHA NO RIO DE JANEIRO');
insert into unidade_gestora(id_orgao, id_unidade_gestora, nome) values (39252,	393009,	'SUPERINTEND. REG. NOS ESTADOS AM - DNIT');
insert into unidade_gestora(id_orgao, id_unidade_gestora, nome) values (52121,	160146,	'COMANDO DA 18 BRIGADA DE INF FRONTEIRA');
insert into unidade_gestora(id_orgao, id_unidade_gestora, nome) values (26417,	158281,	'IFPB - CAMPUS CAMPINA GRANDE');
insert into unidade_gestora(id_orgao, id_unidade_gestora, nome) values (26405,	158133,	'INST.FED.DE EDUC.,CIENC.E TEC.DO CEARA');
insert into unidade_gestora(id_orgao, id_unidade_gestora, nome) values (26261,	158161,	'UNIVERSIDADE FEDERAL ITAJUBA-CAMPUS ITABIRA');
insert into unidade_gestora(id_orgao, id_unidade_gestora, nome) values (25000,	170131,	'SUPERINTENDENCIA REG. ADM. DO ME - SAO PAULO');
insert into unidade_gestora(id_orgao, id_unidade_gestora, nome) values (22204,	113801,	'DNOCS - CEST/PE - RECIFE-PE');
insert into unidade_gestora(id_orgao, id_unidade_gestora, nome) values (20404,	344042,	'FUNDACAO BIBLIOTECA NACIONAL');
insert into unidade_gestora(id_orgao, id_unidade_gestora, nome) values (30108,	200340,	'ACADEMIA NACIONAL DE POLICIA');
insert into unidade_gestora(id_orgao, id_unidade_gestora, nome) values (52000,	112408,	'HOSPITAL DAS FORCAS ARMADAS');
insert into unidade_gestora(id_orgao, id_unidade_gestora, nome) values (22204,	193008,	'DNOCS - CEST/SE ARACAJU - SE');
insert into unidade_gestora(id_orgao, id_unidade_gestora, nome) values (26443,	155909,	'COMPLEXO HOSP UNIVERSIT DA UFPA (HUBFS/HUJBB)');
insert into unidade_gestora(id_orgao, id_unidade_gestora, nome) values (52131,	771300,	'CENTRO DE OBTENCAO DA MARINHA NO R.J.');
insert into unidade_gestora(id_orgao, id_unidade_gestora, nome) values (52121,	160413,	'BASE ADM DA GUARNICAO DE SANTA MARIA');
insert into unidade_gestora(id_orgao, id_unidade_gestora, nome) values (52221,	168006,	'INDUSTRIA DE MATERIAL BELICO DO BRASIL/FJF');
insert into unidade_gestora(id_orgao, id_unidade_gestora, nome) values (25000,	170607,	'DIRETORIA DE ADMINISTRACAO E LOGISTICA');
insert into unidade_gestora(id_orgao, id_unidade_gestora, nome) values (52121,	160369,	'3 GRUPO DE ARTILHARIA ANTIAEREA');
insert into unidade_gestora(id_orgao, id_unidade_gestora, nome) values (52131,	783702,	'HOSPITAL NAVAL DE RECIFE');
insert into unidade_gestora(id_orgao, id_unidade_gestora, nome) values (26409,	155645,	'IFMG/CAMPUS RIBEIRAO DAS NEVES');
insert into unidade_gestora(id_orgao, id_unidade_gestora, nome) values (26405,	158967,	'CAMPUS HORIZONTE/IFCE');
insert into unidade_gestora(id_orgao, id_unidade_gestora, nome) values (26245,	153115,	'UNIVERSIDADE FEDERAL DO RIO DE JANEIRO');
insert into unidade_gestora(id_orgao, id_unidade_gestora, nome) values (27201,	168001,	'FUND.HAB.EXERCITO - DIFERENCA DA INTEGRACAO');
insert into unidade_gestora(id_orgao, id_unidade_gestora, nome) values (36213,	253033,	'AGENCIA NACIONAL DE SAUDE S. - DF');
insert into unidade_gestora(id_orgao, id_unidade_gestora, nome) values (26402,	156660,	'INST.FED.DE ALAGOAS/CAMPUS BATALHA');
insert into unidade_gestora(id_orgao, id_unidade_gestora, nome) values (52221,	168004,	'INDUSTRIA DE MATERIAL BELICO DO BRASIL/FPV');
insert into unidade_gestora(id_orgao, id_unidade_gestora, nome) values (30802,	200116,	'SUPERINTENDENCIA REG. POL. RODV. FEDERAL-RJ');
insert into unidade_gestora(id_orgao, id_unidade_gestora, nome) values (26235,	153052,	'UNIVERSIDADE FEDERAL DE GOIAS');
insert into unidade_gestora(id_orgao, id_unidade_gestora, nome) values (26439,	158583,	'IFSP - CAMPUS BARRETOS');
insert into unidade_gestora(id_orgao, id_unidade_gestora, nome) values (52121,	160093,	'38  BATALHAO DE INFANTARIA');
insert into unidade_gestora(id_orgao, id_unidade_gestora, nome) values (24208,	243001,	'INSTITUTO NAC.DE TECNOLOGIA DA INFORMACAO ITI');
insert into unidade_gestora(id_orgao, id_unidade_gestora, nome) values (63000,	110099,	'SUPERINTENDENCIA ADMINISTRACAO EM SAO PAULO');
insert into unidade_gestora(id_orgao, id_unidade_gestora, nome) values (68201,	682010,	'AGENCIA NACIONAL DE TRANSPORTES AQUAVIARIOS');
insert into unidade_gestora(id_orgao, id_unidade_gestora, nome) values (36000,	250017,	'SUPERINTENDENCIA ESTADUAL DO MS/CE');
insert into unidade_gestora(id_orgao, id_unidade_gestora, nome) values (24000,	240106,	'INSTITUTO NACIONAL DE PESQ. ESPECIAIS-INPE');
insert into unidade_gestora(id_orgao, id_unidade_gestora, nome) values (26443,	155012,	'HOSP UNIVERSITARIO CASSIANO ANTONIO DE MORAES');
insert into unidade_gestora(id_orgao, id_unidade_gestora, nome) values (26428,	158143,	'IFB - REITORIA - BRASILIA-DF');
insert into unidade_gestora(id_orgao, id_unidade_gestora, nome) values (30802,	200128,	'SUPERINTENDENCIA REG. POL. RODV. FEDERAL-MS');
insert into unidade_gestora(id_orgao, id_unidade_gestora, nome) values (62201,	113216,	'REPRESENTACAO REGIONAL RIO DE JANEIRO - ANAC');
insert into unidade_gestora(id_orgao, id_unidade_gestora, nome) values (26417,	158138,	'IFPB - REITORIA');
insert into unidade_gestora(id_orgao, id_unidade_gestora, nome) values (20701,	193129,	'IBAMA - SUPERINTENDENCIA DE SAO PAULO/SP');
insert into unidade_gestora(id_orgao, id_unidade_gestora, nome) values (26350,	154502,	'FUNDACAO UNIVERSIDADE FED. DA GRANDE DOURADOS');
insert into unidade_gestora(id_orgao, id_unidade_gestora, nome) values (26270,	154039,	'FUNDACAO UNIVERSIDADE DO AMAZONAS');
insert into unidade_gestora(id_orgao, id_unidade_gestora, nome) values (22000,	130103,	'LABORATORIO FEDERAL DE DEFESA AGROPECUARIA/RS');
insert into unidade_gestora(id_orgao, id_unidade_gestora, nome) values (22201,	373053,	'SUPERINTENDENCIA REGIONAL DA BAHIA - SR(BA)');
insert into unidade_gestora(id_orgao, id_unidade_gestora, nome) values (52000,	110511,	'CENTRO GESTOR OP. SISTEMA PROTECAO AMAZONIA');
insert into unidade_gestora(id_orgao, id_unidade_gestora, nome) values (36201,	254446,	'INSTITUTO DE TECNOLOGIA EM FARMACOS');
insert into unidade_gestora(id_orgao, id_unidade_gestora, nome) values (30802,	200117,	'SUPERINTENDENCIA REG. POL. RODV. FEDERAL-SP');
insert into unidade_gestora(id_orgao, id_unidade_gestora, nome) values (26432,	156542,	'INST. FED. DO PARANA/CAMPUS CAPANEMA');
insert into unidade_gestora(id_orgao, id_unidade_gestora, nome) values (26405,	158318,	'CAMPUS CEDRO/IFCE');
insert into unidade_gestora(id_orgao, id_unidade_gestora, nome) values (30108,	200406,	'DIRETORIA TECNICO-CIENTIFICA-DITEC/DPF');
insert into unidade_gestora(id_orgao, id_unidade_gestora, nome) values (53000,	530001,	'MDR/SE/SAD/ADMINISTRACAO GERAL');
insert into unidade_gestora(id_orgao, id_unidade_gestora, nome) values (36201,	254462,	'COORDENACAO GERAL DE INFRAESTRUTURA DOS CAMPI');
insert into unidade_gestora(id_orgao, id_unidade_gestora, nome) values (52121,	160438,	'COMANDO 2 BRIGADA DE CAVALARIA MECANIZADA');
insert into unidade_gestora(id_orgao, id_unidade_gestora, nome) values (30202,	194028,	'COORDENACAO REGIONAL DE CUIABA/MT');
insert into unidade_gestora(id_orgao, id_unidade_gestora, nome) values (20701,	193111,	'IBAMA - SUPERINTENDENCIA DE MINAS GERAIS/MG');
insert into unidade_gestora(id_orgao, id_unidade_gestora, nome) values (30204,	183038,	'INSTITUTO NACIONAL DA PROPRIEDADE INDUSTRIAL');
insert into unidade_gestora(id_orgao, id_unidade_gestora, nome) values (25205,	114612,	'UNIDADE ESTADUAL DO IBGE NO RIO G. NORTE');
insert into unidade_gestora(id_orgao, id_unidade_gestora, nome) values (26407,	158124,	'IF GOIANO');
insert into unidade_gestora(id_orgao, id_unidade_gestora, nome) values (52131,	772100,	'CENTRO DE INST. E ADEST. ALM. NEWTON BRAGA');
insert into unidade_gestora(id_orgao, id_unidade_gestora, nome) values (25000,	170038,	'SUPERINTENDENCIA REG. ADM. DO ME - CEARA');
insert into unidade_gestora(id_orgao, id_unidade_gestora, nome) values (36201,	254474,	'INSTITUTO LEONIDAS E MARIA DEANE');
insert into unidade_gestora(id_orgao, id_unidade_gestora, nome) values (26414,	158493,	'INST.FED.MATO GROSSO/CAMPUS JUINA');
insert into unidade_gestora(id_orgao, id_unidade_gestora, nome) values (37202,	510181,	'SUPERINTENDENCIA REGIONAL SUL');
insert into unidade_gestora(id_orgao, id_unidade_gestora, nome) values (26280,	156403,	'FUFSCAR - SIN');
insert into unidade_gestora(id_orgao, id_unidade_gestora, nome) values (26236,	150123,	'COORD. DE PROJ. C/A FUND. DE APOIO');
insert into unidade_gestora(id_orgao, id_unidade_gestora, nome) values (26414,	158971,	'INST.FED.MATO GROSSO/CAMPUS VARZEA GRANDE');
insert into unidade_gestora(id_orgao, id_unidade_gestora, nome) values (36000,	250027,	'SUPERINTENDENCIA ESTADUAL DO MS/PB');
insert into unidade_gestora(id_orgao, id_unidade_gestora, nome) values (52000,	110404,	'DEPARTAMENTO DE ADMINISTRACAO INTERNA-MD');
insert into unidade_gestora(id_orgao, id_unidade_gestora, nome) values (30802,	200109,	'DEPTO.DE POLICIA RODOVIARIA FEDERAL');
insert into unidade_gestora(id_orgao, id_unidade_gestora, nome) values (22211,	135115,	'CONAB SEDE SUREG CEARA');
insert into unidade_gestora(id_orgao, id_unidade_gestora, nome) values (32396,	323125,	'GERENCIA REGIONAL DA ANM - MA');
insert into unidade_gestora(id_orgao, id_unidade_gestora, nome) values (24000,	240105,	'INSTIT.NACIONAL DE PESQUISA DA AMAZONIA-INPA');
insert into unidade_gestora(id_orgao, id_unidade_gestora, nome) values (26283,	154054,	'FUNDACAO UNIVERS.FED. DE MATO GROSSO DO SUL');
insert into unidade_gestora(id_orgao, id_unidade_gestora, nome) values (26432,	158395,	'INST. FED. DO PARANA/CAMPUS CURITIBA');
insert into unidade_gestora(id_orgao, id_unidade_gestora, nome) values (26436,	158126,	'INST.FED.DE EDUC.,CIE.E TEC.SUL-RIO-GRANDENSE');
insert into unidade_gestora(id_orgao, id_unidade_gestora, nome) values (26201,	153167,	'COLEGIO PEDRO II');
insert into unidade_gestora(id_orgao, id_unidade_gestora, nome) values (26416,	158306,	'INST.FED.DO PARA/CAMPUS BELEM');
insert into unidade_gestora(id_orgao, id_unidade_gestora, nome) values (30108,	200384,	'SUPERINTENDENCIA REGIONAL NO ESTADO DE RR');
insert into unidade_gestora(id_orgao, id_unidade_gestora, nome) values (26418,	158136,	'INST.FED.DE EDUC.,CIENC.E TEC.DE PERNAMBUCO');
insert into unidade_gestora(id_orgao, id_unidade_gestora, nome) values (52111,	120064,	'ESCOLA DE ESPECIALISTAS DE AERONAUTICA');
insert into unidade_gestora(id_orgao, id_unidade_gestora, nome) values (52121,	160400,	'POLICLINICA MILITAR DE PORTO ALEGRE');
insert into unidade_gestora(id_orgao, id_unidade_gestora, nome) values (26426,	158150,	'INST.FED.DE EDUC.,CIENC.E TEC.DO AMAPA');
insert into unidade_gestora(id_orgao, id_unidade_gestora, nome) values (26427,	158411,	'INST. FED. DA BAHIA/CAMPUS SALVADOR');
insert into unidade_gestora(id_orgao, id_unidade_gestora, nome) values (26419,	158264,	'INST.FED.DO RS/CAMPUS BENTO GONCALVES');
insert into unidade_gestora(id_orgao, id_unidade_gestora, nome) values (26406,	158423,	'INST.FED. ESPIRITO SANTO/CAMPUS SAO MATEUS');
insert into unidade_gestora(id_orgao, id_unidade_gestora, nome) values (24000,	240224,	'CENTRO NAC.DE MONIT.E ALERT.DE DESASTRES NATU');
insert into unidade_gestora(id_orgao, id_unidade_gestora, nome) values (35000,	240031,	'ESCRIT.DE REP.DO MINIST.RELAC.EXTERIORES/SP');
insert into unidade_gestora(id_orgao, id_unidade_gestora, nome) values (26439,	158710,	'IFSP - CAMPUS BOITUVA');
insert into unidade_gestora(id_orgao, id_unidade_gestora, nome) values (26443,	155901,	'HOSPITAL ESCOLA DA UFPEL');
insert into unidade_gestora(id_orgao, id_unidade_gestora, nome) values (25000,	170214,	'SUPERINTENDENCIA REG. ADM. DO ME - PARA');
insert into unidade_gestora(id_orgao, id_unidade_gestora, nome) values (26439,	158154,	'INSTITUTO FEDERAL DE SAO PAULO');
insert into unidade_gestora(id_orgao, id_unidade_gestora, nome) values (44206,	443020,	'INST. DE PESQUISAS JARDIM BOTANICO DO RJ/JBRJ');
insert into unidade_gestora(id_orgao, id_unidade_gestora, nome) values (30802,	200121,	'SUPERINTENDENCIA REG. POL. RODV. FEDERAL-GO');
insert into unidade_gestora(id_orgao, id_unidade_gestora, nome) values (26421,	158341,	'INST.FED.RONDONIA/CAMPUS COLORADO DO OESTE-RO');
insert into unidade_gestora(id_orgao, id_unidade_gestora, nome) values (52121,	160204,	'25º BATALHAO DE CACADORES');
insert into unidade_gestora(id_orgao, id_unidade_gestora, nome) values (26408,	158284,	'INST.FED.DO MARANHAO/CAMPUS BARRA DO CORDA');
insert into unidade_gestora(id_orgao, id_unidade_gestora, nome) values (52111,	120633,	'GRUPAMENTO DE APOIO DE SAO PAULO');
insert into unidade_gestora(id_orgao, id_unidade_gestora, nome) values (20301,	113210,	'COMISSAO NACIONAL DE ENERGIA NUCLEAR-LAPOC');
insert into unidade_gestora(id_orgao, id_unidade_gestora, nome) values (39252,	393023,	'SUPERINTENDENCIA REG. NO ESTADO TO - DNIT');
insert into unidade_gestora(id_orgao, id_unidade_gestora, nome) values (25000,	170114,	'SUPERINTENDENCIA REG.ADM.DO ME-RIO DE JANEIRO');
insert into unidade_gestora(id_orgao, id_unidade_gestora, nome) values (26410,	158439,	'INST.FED.DO NORTE DE MG/CAMPUS ALMENARA');
insert into unidade_gestora(id_orgao, id_unidade_gestora, nome) values (26351,	158092,	'UNIVERSIDADE FEDERAL DO RECONCAVO DA BAHIA');
insert into unidade_gestora(id_orgao, id_unidade_gestora, nome) values (52121,	160163,	'COMANDO DA 8 REGIAO MILITAR/8 DE');
insert into unidade_gestora(id_orgao, id_unidade_gestora, nome) values (26443,	155010,	'HOSPITAL UNIVERSITARIO DA UFMA');
insert into unidade_gestora(id_orgao, id_unidade_gestora, nome) values (39253,	395001,	'EMPRESA DE PLANEJAMENTO E LOGISTICA S.A - EPL');
insert into unidade_gestora(id_orgao, id_unidade_gestora, nome) values (52131,	765700,	'CENTRO MEDICO ASSISTENCIAL DA MARINHA');
insert into unidade_gestora(id_orgao, id_unidade_gestora, nome) values (52121,	160126,	'11º BATALHAO DE INFANTARIA DE MONTANHA');
insert into unidade_gestora(id_orgao, id_unidade_gestora, nome) values (52121,	160249,	'ACADEMIA MILITAR DAS AGULHAS NEGRAS');
insert into unidade_gestora(id_orgao, id_unidade_gestora, nome) values (26412,	158137,	'INST.FED.DE EDUC.,CIENC.E TEC.DO SUL DE MG');
insert into unidade_gestora(id_orgao, id_unidade_gestora, nome) values (30108,	200364,	'SUPERINTENDENCIA REGIONAL NO ESTADO DO PR');
insert into unidade_gestora(id_orgao, id_unidade_gestora, nome) values (52131,	783701,	'HOSPITAL NAVAL DE NATAL');
insert into unidade_gestora(id_orgao, id_unidade_gestora, nome) values (52121,	160132,	'9 BATALHAO DE ENGENHARIA DE COMBATE');
insert into unidade_gestora(id_orgao, id_unidade_gestora, nome) values (52131,	741000,	'ARSENAL DE MARINHA_DO RIO DE JANEIRO');
insert into unidade_gestora(id_orgao, id_unidade_gestora, nome) values (39252,	393003,	'DEPART.NAC.INFRA ESTRUTURA TRANSPORTES.');
insert into unidade_gestora(id_orgao, id_unidade_gestora, nome) values (26402,	158147,	'INST.FED.DE EDUC.,CIENC.E TEC.DE ALAGOAS');
insert into unidade_gestora(id_orgao, id_unidade_gestora, nome) values (52121,	160022,	'21 COMPANHIA DE ENGENHARIA CONSTRUCAO');
insert into unidade_gestora(id_orgao, id_unidade_gestora, nome) values (26424,	158131,	'INST.FED.DE EDUC.,CIENC.E TEC.DO TOCANTINS');
insert into unidade_gestora(id_orgao, id_unidade_gestora, nome) values (30202,	194018,	'COORDENACAO REG.BAIXO SAO FRANCISCO/BA');
insert into unidade_gestora(id_orgao, id_unidade_gestora, nome) values (26429,	158153,	'INST.FED.DE EDUC.,CIENC.E TEC.DE GOIAS');
insert into unidade_gestora(id_orgao, id_unidade_gestora, nome) values (52121,	160016,	'COMANDO DO COMANDO MILITAR DA AMAZONIA');
insert into unidade_gestora(id_orgao, id_unidade_gestora, nome) values (26428,	152141,	'IFB - CAMPUS SAMAMBAIA');
insert into unidade_gestora(id_orgao, id_unidade_gestora, nome) values (30907,	200326,	'DEPEN - DIRETORIA EXECUTIVA');
insert into unidade_gestora(id_orgao, id_unidade_gestora, nome) values (26411,	158123,	'INSTITUTO FED CIENCIA TECNOL SUDESTE MG');
insert into unidade_gestora(id_orgao, id_unidade_gestora, nome) values (26413,	159001,	'INST.FED.TRIANGULO MINEIRO/CAMPUS PATROCINIO');
insert into unidade_gestora(id_orgao, id_unidade_gestora, nome) values (36000,	257025,	'DISTRITO SANIT.ESP.INDIGENA - ALTO SOLIMOES');
insert into unidade_gestora(id_orgao, id_unidade_gestora, nome) values (25000,	170147,	'DELEGACIA DA RFB EM SANTO ANDRE');
insert into unidade_gestora(id_orgao, id_unidade_gestora, nome) values (24209,	245209,	'CENTRO NACIONAL DE TECNOLOGIA ELETRONICA AVAN');
insert into unidade_gestora(id_orgao, id_unidade_gestora, nome) values (26252,	158195,	'UNIVERSIDADE FEDERAL DE CAMPINA GRANDE');
insert into unidade_gestora(id_orgao, id_unidade_gestora, nome) values (52121,	160447,	'1 BATALHAO FERROVIARIO');
insert into unidade_gestora(id_orgao, id_unidade_gestora, nome) values (26236,	153056,	'UNIVERSIDADE FEDERAL FLUMINENSE');
insert into unidade_gestora(id_orgao, id_unidade_gestora, nome) values (26239,	153063,	'UNIVERSIDADE FEDERAL DO PARA');
insert into unidade_gestora(id_orgao, id_unidade_gestora, nome) values (26238,	153283,	'FACULDADE DE CIENCIAS ECONOMICAS/UFMG');
insert into unidade_gestora(id_orgao, id_unidade_gestora, nome) values (26280,	154049,	'FUNDACAO UNIVERSIDADE FEDERAL DE SAO CARLOS');
insert into unidade_gestora(id_orgao, id_unidade_gestora, nome) values (30108,	200390,	'SUPERINTENDENCIA REGIONAL NO ESTADO DO PI');
insert into unidade_gestora(id_orgao, id_unidade_gestora, nome) values (30211,	303001,	'CONSELHO ADMINISTRATIVO DE DEFESA ECONOMICA');
insert into unidade_gestora(id_orgao, id_unidade_gestora, nome) values (29208,	495130,	'COMPANHIA DE PESQUISA DE RECURSOS MINERAIS');
insert into unidade_gestora(id_orgao, id_unidade_gestora, nome) values (26404,	154580,	'INSTITUTO FEDERAL BAIANO - CAMPUS ITAPETINGA');
insert into unidade_gestora(id_orgao, id_unidade_gestora, nome) values (30108,	200356,	'SUPERINTENDENCIA REGIONAL NO ESTADO DO RJ');
insert into unidade_gestora(id_orgao, id_unidade_gestora, nome) values (26405,	158952,	'CAMPUS TAUA/IFCE');
insert into unidade_gestora(id_orgao, id_unidade_gestora, nome) values (26434,	158139,	'INST.FED.DE EDUC.,CIENC.E TEC.FLUMINENSE');
insert into unidade_gestora(id_orgao, id_unidade_gestora, nome) values (26245,	153152,	'HOSPITAL UNIVERSITARIO DA UFRJ');
insert into unidade_gestora(id_orgao, id_unidade_gestora, nome) values (52111,	120636,	'GRUPAMENTO DE APOIO DE LAGOA SANTA');
insert into unidade_gestora(id_orgao, id_unidade_gestora, nome) values (26405,	158313,	'CAMPUS FORTALEZA/IFCE');
insert into unidade_gestora(id_orgao, id_unidade_gestora, nome) values (26420,	155570,	'CAMPUS FREDERICO WESTPHALEN');
insert into unidade_gestora(id_orgao, id_unidade_gestora, nome) values (36000,	250052,	'INSTITUTO NACIONAL DO CANCER - RJ');
insert into unidade_gestora(id_orgao, id_unidade_gestora, nome) values (52131,	782801,	'BASE NAVAL DE ARATU');
insert into unidade_gestora(id_orgao, id_unidade_gestora, nome) values (26246,	153163,	'UNIVERSIDADE FEDERAL DE SANTA CATARINA');
insert into unidade_gestora(id_orgao, id_unidade_gestora, nome) values (26245,	153157,	'DECANATO DO CENTRO DE TECNOLOGIA DA UFRJ');
insert into unidade_gestora(id_orgao, id_unidade_gestora, nome) values (36201,	254448,	'INSTITUTO NAC. DE CONTROLE E QUALID. EM SAUDE');
insert into unidade_gestora(id_orgao, id_unidade_gestora, nome) values (22201,	373057,	'SUPERINT. REGIONAL DO ESPIRITO SANTO - SR(ES)');
insert into unidade_gestora(id_orgao, id_unidade_gestora, nome) values (26411,	154763,	'INST FED SUDESTE MG CAMPUS SANTOS DUMONT');
insert into unidade_gestora(id_orgao, id_unidade_gestora, nome) values (25000,	170081,	'DELEGACIA DA RFB EM VITORIA DA CONQUISTA');
insert into unidade_gestora(id_orgao, id_unidade_gestora, nome) values (52221,	168003,	'INDUSTRIA DE MATERIAL BELICO DO BRASIL - UA');
insert into unidade_gestora(id_orgao, id_unidade_gestora, nome) values (39252,	393031,	'SUPERINTENDENCIA REG. NO ESTADO MG - DNIT');
insert into unidade_gestora(id_orgao, id_unidade_gestora, nome) values (26257,	153015,	'CENTRO FEDERAL DE EDUCACAO TECNOLOGICA DE MG');
insert into unidade_gestora(id_orgao, id_unidade_gestora, nome) values (52121,	160046,	'COLEGIO MILITAR DE FORTALEZA');
insert into unidade_gestora(id_orgao, id_unidade_gestora, nome) values (39252,	390070,	'SUPERINTENDENCIA REG.NO ESTADO DE RR - DNIT');
insert into unidade_gestora(id_orgao, id_unidade_gestora, nome) values (52131,	773202,	'PAGADORIA DO PESSOAL DA MARINHA -PAPEM-OM');
insert into unidade_gestora(id_orgao, id_unidade_gestora, nome) values (26431,	154705,	'INST. FED. PIAUI/CAMPUS PEDRO II');
insert into unidade_gestora(id_orgao, id_unidade_gestora, nome) values (26443,	155913,	'HOSPITAL UNIVERSITARIO DA UFSC');
insert into unidade_gestora(id_orgao, id_unidade_gestora, nome) values (52131,	782802,	'CENTRO DE INTENDENCIA DA MARINHA EM SALVADOR');
insert into unidade_gestora(id_orgao, id_unidade_gestora, nome) values (32396,	323113,	'GERENCIA REGIONAL DA ANM - RJ');
insert into unidade_gestora(id_orgao, id_unidade_gestora, nome) values (52121,	160065,	'COMANDO DA 11A. REGIAO MILITAR');
insert into unidade_gestora(id_orgao, id_unidade_gestora, nome) values (20116,	110245,	'FUNDO DE IMPRENSA NACIONAL/EXEC.ORC.FINANC.');
insert into unidade_gestora(id_orgao, id_unidade_gestora, nome) values (30802,	200114,	'SUPERINTENDENCIA REG. POL. RODV. FEDERAL-BA');
insert into unidade_gestora(id_orgao, id_unidade_gestora, nome) values (26267,	158658,	'UNIV. FEDERAL DA INTEGRACAO LATINO-AMERICANA');
insert into unidade_gestora(id_orgao, id_unidade_gestora, nome) values (20501,	364102,	'CONSELHO NAC DE DESENV CIENT E TECNOLOGICO');
insert into unidade_gestora(id_orgao, id_unidade_gestora, nome) values (26430,	158499,	'INST.FED.SERTAO PERNAMBUCANO/CAMPUS PETROLINA');
insert into unidade_gestora(id_orgao, id_unidade_gestora, nome) values (52111,	120072,	'SEGUNDO CENTRO INT.DEF.AEREA CONTR.TFG.AEREO');
insert into unidade_gestora(id_orgao, id_unidade_gestora, nome) values (32396,	323102,	'AGENCIA NACIONAL DE MINERACAO - DF');
insert into unidade_gestora(id_orgao, id_unidade_gestora, nome) values (26418,	151911,	'IFPE - CAMPUS AFOGADOS DA INGAZEIRA');
insert into unidade_gestora(id_orgao, id_unidade_gestora, nome) values (36000,	257044,	'DISTRITO SANIT.ESP.INDIGENA - KAIAPO REDENCAO');
insert into unidade_gestora(id_orgao, id_unidade_gestora, nome) values (26258,	153991,	'UTFPR - CAMPUS DOIS VIZINHOS');
insert into unidade_gestora(id_orgao, id_unidade_gestora, nome) values (22201,	373058,	'SUPERINT. REG. DE MATO GROSS0 DO SUL - SR(MS)');
insert into unidade_gestora(id_orgao, id_unidade_gestora, nome) values (26232,	150247,	'COMPLEXO HOSPITALAR E DE SAUDE DA UFBA');
insert into unidade_gestora(id_orgao, id_unidade_gestora, nome) values (26238,	153254,	'ADMINISTRACAO GERAL/UFMG');
insert into unidade_gestora(id_orgao, id_unidade_gestora, nome) values (52111,	120625,	'GRUPAMENTO DE APOIO DO DISTRITO FED');
insert into unidade_gestora(id_orgao, id_unidade_gestora, nome) values (30802,	200127,	'SUPERINTENDENCIA REG. POL. RODV. FEDERAL-PI');
insert into unidade_gestora(id_orgao, id_unidade_gestora, nome) values (61201,	113601,	'INSTITUTO DE PESQUISA ECONOMICA APLICADA');
insert into unidade_gestora(id_orgao, id_unidade_gestora, nome) values (26436,	158339,	'INST.FED.SUL-RIO-GRANDENSE/CAMPUS SAPUCAIA');
insert into unidade_gestora(id_orgao, id_unidade_gestora, nome) values (26292,	344002,	'FUNDACAO JOAQUIM NABUCO');
insert into unidade_gestora(id_orgao, id_unidade_gestora, nome) values (36211,	255023,	'FUNDACAO NACIONAL DE SAUDE - RR');
insert into unidade_gestora(id_orgao, id_unidade_gestora, nome) values (26234,	153048,	'RESTAURANTE CENTRAL DA UFES');
insert into unidade_gestora(id_orgao, id_unidade_gestora, nome) values (26278,	154047,	'FUNDACAO UNIVERSIDADE FEDERAL DE PELOTAS');
insert into unidade_gestora(id_orgao, id_unidade_gestora, nome) values (26443,	155007,	'EMPRESA BRASILEIRA DE SERVICOS HOSPITALARES');
insert into unidade_gestora(id_orgao, id_unidade_gestora, nome) values (26443,	156654,	'HOSPITAL DE CLINICAS DE UBERLANDIA');
insert into unidade_gestora(id_orgao, id_unidade_gestora, nome) values (36000,	250037,	'SUPERINTENDENCIA ESTADUAL DO MS/SP');
insert into unidade_gestora(id_orgao, id_unidade_gestora, nome) values (52904,	167416,	'HOSPITAL GERAL DE SANTA MARIA');
insert into unidade_gestora(id_orgao, id_unidade_gestora, nome) values (30802,	200122,	'SUPERINTENDENCIA REG. POL. RODV. FEDERAL-PB');
insert into unidade_gestora(id_orgao, id_unidade_gestora, nome) values (20701,	193107,	'IBAMA - SUPERINTENDENCIA DO ESPIRITO SANTO/ES');
insert into unidade_gestora(id_orgao, id_unidade_gestora, nome) values (26410,	158121,	'INST.FED.DE EDUC.,CIENC.E TEC.DO NORTE DE MG');
insert into unidade_gestora(id_orgao, id_unidade_gestora, nome) values (20101,	110322,	'GABINETE DE SEGURANCA INSTITUCIONAL/PR');
insert into unidade_gestora(id_orgao, id_unidade_gestora, nome) values (30108,	200338,	'SUPERINTENDENCIA REGIONAL NO DISTRITO FEDERAL');
insert into unidade_gestora(id_orgao, id_unidade_gestora, nome) values (26447,	158717,	'UNIVERSIDADE FEDERAL DO OESTE DA BAHIA');
insert into unidade_gestora(id_orgao, id_unidade_gestora, nome) values (52121,	160372,	'COMANDO DE ARTILHARIA DIVISIONARIA/3');
insert into unidade_gestora(id_orgao, id_unidade_gestora, nome) values (26281,	154050,	'FUNDACAO UNIVERSIDADE FEDERAL DE SERGIPE');
insert into unidade_gestora(id_orgao, id_unidade_gestora, nome) values (25205,	114604,	'UNIDADE ESTADUAL DO IBGE NO AMAZONAS');
insert into unidade_gestora(id_orgao, id_unidade_gestora, nome) values (24000,	240101,	'COORDENACAO-GERAL DE RECURSOS LOGISTICOS');
insert into unidade_gestora(id_orgao, id_unidade_gestora, nome) values (36000,	257037,	'DISTRITO SANIT.ESP.INDIGENA - ARAGUAIA');
insert into unidade_gestora(id_orgao, id_unidade_gestora, nome) values (26423,	152430,	'INST. FED. DE SERGIPE/CAMPUS ITABAIANA');
insert into unidade_gestora(id_orgao, id_unidade_gestora, nome) values (52904,	167323,	'HOSPITAL GERAL DO RIO DE JANEIRO');
insert into unidade_gestora(id_orgao, id_unidade_gestora, nome) values (26405,	158953,	'CAMPUS TABULEIRO DO NORTE/IFCE');
insert into unidade_gestora(id_orgao, id_unidade_gestora, nome) values (52131,	784312,	'CAPITANIA DOS PORTOS DO AMAPA');
insert into unidade_gestora(id_orgao, id_unidade_gestora, nome) values (26417,	158471,	'IFPB - CAMPUS PRINCESA ISABEL');
insert into unidade_gestora(id_orgao, id_unidade_gestora, nome) values (52121,	160116,	'17º BATALHAO LOGISTICO LEVE-MONTANHA');
insert into unidade_gestora(id_orgao, id_unidade_gestora, nome) values (26415,	155848,	'INST.FED.DO MS/CAMPUS DOURADOS');
insert into unidade_gestora(id_orgao, id_unidade_gestora, nome) values (39252,	393012,	'SUPERINTENDENCIA REG. NO ESTADO RS - DNIT');
insert into unidade_gestora(id_orgao, id_unidade_gestora, nome) values (26443,	155902,	'EBSERH CHC-UFPR');
insert into unidade_gestora(id_orgao, id_unidade_gestora, nome) values (30108,	200404,	'SUPERINTENDENCIA REGIONAL NO ESTADO DE TO');
insert into unidade_gestora(id_orgao, id_unidade_gestora, nome) values (26443,	155011,	'HOSPITAL DE CLINICAS DA UFTM');
insert into unidade_gestora(id_orgao, id_unidade_gestora, nome) values (26273,	154042,	'UNIVERSIDADE FEDERAL DO RIO GRANDE - FURG');
insert into unidade_gestora(id_orgao, id_unidade_gestora, nome) values (26231,	153037,	'UNIVERSIDADE FEDERAL DE ALAGOAS');
insert into unidade_gestora(id_orgao, id_unidade_gestora, nome) values (25000,	170209,	'DELEGACIA DA RFB EM MANAUS');
insert into unidade_gestora(id_orgao, id_unidade_gestora, nome) values (62201,	113214,	'AGENCIA NACIONAL DE AVIACAO CIVIL');
insert into unidade_gestora(id_orgao, id_unidade_gestora, nome) values (26250,	154080,	'UNIVERSIDADE FEDERAL DE RORAIMA');
insert into unidade_gestora(id_orgao, id_unidade_gestora, nome) values (20202,	114702,	'FUNDACAO ESCOLA NACIONAL DE ADM. PUBLICA');
insert into unidade_gestora(id_orgao, id_unidade_gestora, nome) values (20411,	343026,	'IPHAN - EXECUCAO ORCAMENTARIA E FINANCEIRA');
insert into unidade_gestora(id_orgao, id_unidade_gestora, nome) values (24000,	240107,	'INSTITUTO NACIONAL DE PESQ. ESPACIAIS-INPE');
insert into unidade_gestora(id_orgao, id_unidade_gestora, nome) values (37202,	510677,	'SUPERINTENDENCIA REGIONAL NORDESTE');
insert into unidade_gestora(id_orgao, id_unidade_gestora, nome) values (26405,	158954,	'CAMPUS MORADA NOVA/IFCE');
insert into unidade_gestora(id_orgao, id_unidade_gestora, nome) values (26431,	158354,	'INST. FED. PIAUI/CAMPUS TERESINA ZONA SUL');
insert into unidade_gestora(id_orgao, id_unidade_gestora, nome) values (63000,	110102,	'SUPERINTENDENCIA ADMINISTRACAO RIO DE JANEIRO');
insert into unidade_gestora(id_orgao, id_unidade_gestora, nome) values (22201,	373055,	'SUPERINTENDENCIA REG.DE MINAS GERAIS - SR(MG)');
insert into unidade_gestora(id_orgao, id_unidade_gestora, nome) values (52121,	160166,	'HOSPITAL GERAL DE BELEM');
insert into unidade_gestora(id_orgao, id_unidade_gestora, nome) values (52131,	751212,	'BASE DE HIDROGRAFIA DA MARINHA EM NITEROI');
insert into unidade_gestora(id_orgao, id_unidade_gestora, nome) values (30802,	200112,	'SUPERINTENDENCIA REG. POL. RODV. FEDERAL-CE');
insert into unidade_gestora(id_orgao, id_unidade_gestora, nome) values (26417,	155892,	'IFPB - CAMPUS SANTA RITA');
insert into unidade_gestora(id_orgao, id_unidade_gestora, nome) values (22000,	130024,	'SUPERINT.FED.DE AGRIC.,PEC.E ABASTECIMENTO/PB');
insert into unidade_gestora(id_orgao, id_unidade_gestora, nome) values (26423,	158393,	'INST. FED. DE SERGIPE/CAMPUS ARACAJU');
insert into unidade_gestora(id_orgao, id_unidade_gestora, nome) values (20701,	193114,	'IBAMA - SUPERINTENDENCIA DO PARA/PA');
insert into unidade_gestora(id_orgao, id_unidade_gestora, nome) values (26435,	158371,	'INST.FED.DO RN/CAMPUS APODI');
insert into unidade_gestora(id_orgao, id_unidade_gestora, nome) values (29208,	495370,	'COMPANHIA DE PESQUISA DE RECURSOS MINERAIS');
insert into unidade_gestora(id_orgao, id_unidade_gestora, nome) values (25205,	114623,	'UNIDADE ESTADUAL DO IBGE NO PARANA');
insert into unidade_gestora(id_orgao, id_unidade_gestora, nome) values (26433,	158486,	'CAMPUS REALENGO');
insert into unidade_gestora(id_orgao, id_unidade_gestora, nome) values (26279,	154048,	'FUNDACAO UNIVERSIDADE FEDERAL DO PIAUI');
insert into unidade_gestora(id_orgao, id_unidade_gestora, nome) values (30108,	200376,	'SUPERINTENDENCIA REGIONAL NO ESTADO DE GO');
insert into unidade_gestora(id_orgao, id_unidade_gestora, nome) values (26415,	158452,	'INST. FED. DO MS/CAMPUS NOVA ANDRADINA');
insert into unidade_gestora(id_orgao, id_unidade_gestora, nome) values (26424,	158336,	'INST.FED.DO TOCANTINS/CAMPUS PALMAS');
insert into unidade_gestora(id_orgao, id_unidade_gestora, nome) values (52131,	765720,	'HOSPITAL NAVAL MARCILIO DIAS');
insert into unidade_gestora(id_orgao, id_unidade_gestora, nome) values (52131,	791180,	'BASE AEREA NAVAL DE SAO PEDRO DA ALDEIA');
insert into unidade_gestora(id_orgao, id_unidade_gestora, nome) values (26414,	158333,	'INST.FED.MATO GROSSO/CAMPUS CUIABA');
insert into unidade_gestora(id_orgao, id_unidade_gestora, nome) values (52131,	791800,	'BASE NAVAL DO RIO DE JANEIRO');
insert into unidade_gestora(id_orgao, id_unidade_gestora, nome) values (26435,	158373,	'INST.FED.DO RN/CAMPUS JOAO CAMARA');
insert into unidade_gestora(id_orgao, id_unidade_gestora, nome) values (26443,	155020,	'EBSERH COMPLEXO HOSPITALAR DO CEARA');
insert into unidade_gestora(id_orgao, id_unidade_gestora, nome) values (26439,	158270,	'IFSP - CAMPUS SAO PAULO');
insert into unidade_gestora(id_orgao, id_unidade_gestora, nome) values (22204,	193002,	'DEPARTAMENTO NACIONAL DE OBRAS CONT.AS SECAS');
insert into unidade_gestora(id_orgao, id_unidade_gestora, nome) values (30802,	200123,	'SUPERINTENDENCIA REG. POL. RODV. FEDERAL-RN');
insert into unidade_gestora(id_orgao, id_unidade_gestora, nome) values (26430,	158149,	'INST.FED.DE ED.,CIENC.E TEC.DO S.PERNAMBUCANO');
insert into unidade_gestora(id_orgao, id_unidade_gestora, nome) values (26276,	154045,	'FUNDACAO UNIVERSIDADE FEDERAL DE MATO GROSSO');
insert into unidade_gestora(id_orgao, id_unidade_gestora, nome) values (39252,	393026,	'SUPERINTENDENCIA REG. NO ESTADO AL - DNIT');
insert into unidade_gestora(id_orgao, id_unidade_gestora, nome) values (63000,	110161,	'SUPERINTENDENCIA DE ADM. NO DISTRITO FEDERAL');
insert into unidade_gestora(id_orgao, id_unidade_gestora, nome) values (20301,	113202,	'COMISSAO NACIONAL DE ENERGIA NUCLEAR-IPEN');
insert into unidade_gestora(id_orgao, id_unidade_gestora, nome) values (26439,	158586,	'IFSP - CAMPUS REGISTRO');
insert into unidade_gestora(id_orgao, id_unidade_gestora, nome) values (35000,	240001,	'1A.COMISSAO BRASILEIRA DEMARCADORA DE LIMITES');
insert into unidade_gestora(id_orgao, id_unidade_gestora, nome) values (26258,	153176,	'UTFPR - CAMPUS CORNELIO PROCOPIO');
insert into unidade_gestora(id_orgao, id_unidade_gestora, nome) values (26253,	153034,	'UNIVERSIDADE FEDERAL RURAL DA AMAZONIA');
insert into unidade_gestora(id_orgao, id_unidade_gestora, nome) values (26443,	155906,	'MATERNIDADE CLIMERIO DE OLIVEIRA');
insert into unidade_gestora(id_orgao, id_unidade_gestora, nome) values (25000,	170058,	'SUPERINTENDENCIA REGIONAL DA RFB NA 4A RF');
insert into unidade_gestora(id_orgao, id_unidade_gestora, nome) values (31280,	778000,	'CAIXA DE CONSTR DE CASAS P/ O PESSOAL DA MARI');
insert into unidade_gestora(id_orgao, id_unidade_gestora, nome) values (26415,	158132,	'INST.FED.DE EDUC.,CIENC.E TEC.DO MAT.G.DO SUL');
insert into unidade_gestora(id_orgao, id_unidade_gestora, nome) values (26244,	153114,	'UNIVERSIDADE FEDERAL DO RIO GRANDE DO SUL');
insert into unidade_gestora(id_orgao, id_unidade_gestora, nome) values (52121,	160351,	'HOSPITAL DE GUARNICAO DE PORTO VELHO');
insert into unidade_gestora(id_orgao, id_unidade_gestora, nome) values (52121,	160027,	'4º BATALHAO DE ENGENHARIA DE CONSTRUCAO');
insert into unidade_gestora(id_orgao, id_unidade_gestora, nome) values (52000,	110794,	'SECRETARIA EXECUTIVA/OPERACAO ACOLHIDA');
insert into unidade_gestora(id_orgao, id_unidade_gestora, nome) values (26439,	158344,	'IFSP - CAMPUS BRAGANCA PAULISTA');
insert into unidade_gestora(id_orgao, id_unidade_gestora, nome) values (26435,	158367,	'INST.FED. DO RN/CAMPUS IPANGUACU');
insert into unidade_gestora(id_orgao, id_unidade_gestora, nome) values (30108,	200342,	'DIRETORIA DE TECNOLOGIA DA INFORM.E INOVACAO');
insert into unidade_gestora(id_orgao, id_unidade_gestora, nome) values (30108,	200352,	'SUPERINTENDENCIA REGIONAL NO ESTADO DO ES');
insert into unidade_gestora(id_orgao, id_unidade_gestora, nome) values (26403,	158560,	'IFAM - CAMPUS PARINTINS');
insert into unidade_gestora(id_orgao, id_unidade_gestora, nome) values (20411,	343040,	'SUPERINTENDENCIA DO IPHAN NO ACRE-AC');
insert into unidade_gestora(id_orgao, id_unidade_gestora, nome) values (26443,	155015,	'MATERNIDADE ESCOLA JANUARIO CICCO');
insert into unidade_gestora(id_orgao, id_unidade_gestora, nome) values (52121,	160291,	'CENTRO TECNOLOGICO DO EXERCITO');
insert into unidade_gestora(id_orgao, id_unidade_gestora, nome) values (44207,	443033,	'INSTITUTO CHICO MENDES - SEDE');
insert into unidade_gestora(id_orgao, id_unidade_gestora, nome) values (25000,	170135,	'DELEGACIA DA RFB EM BAURU');
insert into unidade_gestora(id_orgao, id_unidade_gestora, nome) values (52121,	160127,	'4 GRUPO DE ARTILHARIA ANTIAEREA');
insert into unidade_gestora(id_orgao, id_unidade_gestora, nome) values (36000,	257039,	'DISTRITO SANIT.ESP.INDIGENA - CUIABA');
insert into unidade_gestora(id_orgao, id_unidade_gestora, nome) values (52121,	160041,	'40º BATALHAO DE INFANTARIA');
insert into unidade_gestora(id_orgao, id_unidade_gestora, nome) values (26405,	158965,	'CAMPUS ITAPIPOCA/IFCE');
insert into unidade_gestora(id_orgao, id_unidade_gestora, nome) values (26420,	158504,	'NST.FED.FARROUPILHA/CAMPUS DE SANTA ROSA');
insert into unidade_gestora(id_orgao, id_unidade_gestora, nome) values (25000,	170153,	'SUPERINTENDENCIA REG. ADM. DO ME - PARANA');
insert into unidade_gestora(id_orgao, id_unidade_gestora, nome) values (29214,	275068,	'CIA BRASILEIRA DE TRENS URBANOS-ADM.CENTRAL');
insert into unidade_gestora(id_orgao, id_unidade_gestora, nome) values (52131,	789311,	'DEL.DA CAPITANIA DOS PORTOS EM SAO SEBASTIAO');
insert into unidade_gestora(id_orgao, id_unidade_gestora, nome) values (52121,	160225,	'BASE ADMINISTRATIVA DO CURADO');
insert into unidade_gestora(id_orgao, id_unidade_gestora, nome) values (26406,	158272,	'INST.FED. ESPIRITO SANTO/CAMPUS COLATINA');
insert into unidade_gestora(id_orgao, id_unidade_gestora, nome) values (52121,	160418,	'19 REGIMENTO DE CAVALARIA MECANIZADO');
insert into unidade_gestora(id_orgao, id_unidade_gestora, nome) values (52121,	160118,	'COMANDO DA 4ª REGIAO MILITAR');
insert into unidade_gestora(id_orgao, id_unidade_gestora, nome) values (22000,	130025,	'SUPERINT.FED.DE AGRIC.,PEC.E ABASTECIMENTO/PE');
insert into unidade_gestora(id_orgao, id_unidade_gestora, nome) values (26258,	154358,	'UTFPR - CAMPUS CURITIBA');
insert into unidade_gestora(id_orgao, id_unidade_gestora, nome) values (30108,	200350,	'SUPERINTENDENCIA REG DE POLICIA FEDERAL EM MG');
insert into unidade_gestora(id_orgao, id_unidade_gestora, nome) values (36201,	254463,	'INSTITUTO OSWALDO CRUZ');
insert into unidade_gestora(id_orgao, id_unidade_gestora, nome) values (26263,	153032,	'UNIVERSIDADE FEDERAL DE LAVRAS');
insert into unidade_gestora(id_orgao, id_unidade_gestora, nome) values (39252,	393016,	'SUPERINTENDENCIA REGIONAL NO ESTADO PA - DNIT');
insert into unidade_gestora(id_orgao, id_unidade_gestora, nome) values (26418,	158477,	'IFPE - CAMPUS PESQUEIRA');
insert into unidade_gestora(id_orgao, id_unidade_gestora, nome) values (26247,	153164,	'UNIVERSIDADE FEDERAL DE SANTA MARIA');
insert into unidade_gestora(id_orgao, id_unidade_gestora, nome) values (26284,	154032,	'FUND.UNIV.FED.DE.CIENC.DA SAUDE DE P.ALEGRE');
insert into unidade_gestora(id_orgao, id_unidade_gestora, nome) values (26425,	158156,	'INST.FED.DE EDUC.,CIENC.E TEC.DO ACRE');
insert into unidade_gestora(id_orgao, id_unidade_gestora, nome) values (26443,	155180,	'HOSP DE ENSINO DR WASHINGTON ANTONIO DE BARRO');
insert into unidade_gestora(id_orgao, id_unidade_gestora, nome) values (30202,	194009,	'COORDENACAO REGIONAL RORAIMA/RR');
insert into unidade_gestora(id_orgao, id_unidade_gestora, nome) values (54000,	540004,	'SPOA/MTUR');
insert into unidade_gestora(id_orgao, id_unidade_gestora, nome) values (26285,	154069,	'FUNDACAO UNIVERSIDADE FEDERAL DE S.J.DEL-REI');
insert into unidade_gestora(id_orgao, id_unidade_gestora, nome) values (25203,	173030,	'COMISSAO DE VALORES MOBILIARIOS');
insert into unidade_gestora(id_orgao, id_unidade_gestora, nome) values (26427,	158410,	'INST. FED. DA BAHIA/CAMPUS EUNAPOLIS');
insert into unidade_gestora(id_orgao, id_unidade_gestora, nome) values (36000,	257022,	'DISTRITO SANIT.ESP.INDIGENA - ALTO PURUS');
insert into unidade_gestora(id_orgao, id_unidade_gestora, nome) values (55000,	550025,	'SAA/SE/MC - CONDOMINIO BLOCO A');
insert into unidade_gestora(id_orgao, id_unidade_gestora, nome) values (26233,	153045,	'UNIVERSIDADE FEDERAL DO CEARA');
insert into unidade_gestora(id_orgao, id_unidade_gestora, nome) values (26448,	158718,	'UNIVERSIDADE FEDERAL DO SUL E SUDESTE DO PARA');
insert into unidade_gestora(id_orgao, id_unidade_gestora, nome) values (30802,	200119,	'SUPERINTENDENCIA REG. POL. RODV. FEDERAL-RS');
insert into unidade_gestora(id_orgao, id_unidade_gestora, nome) values (52121,	160530,	'BASE DE ADM E APOIO DO CMDO MILITAR DO OESTE');
insert into unidade_gestora(id_orgao, id_unidade_gestora, nome) values (26439,	158331,	'IFSP - CAMPUS SERTAOZINHO');
insert into unidade_gestora(id_orgao, id_unidade_gestora, nome) values (52121,	160524,	'15 BATALHAO LOGISTICO');
insert into unidade_gestora(id_orgao, id_unidade_gestora, nome) values (26269,	154034,	'UNIRIO UNIVERSIDADE FEDERAL DO ESTADO RJ');
insert into unidade_gestora(id_orgao, id_unidade_gestora, nome) values (30108,	200372,	'SUPERINTENDENCIA REGIONAL NO ESTADO DO RS');
insert into unidade_gestora(id_orgao, id_unidade_gestora, nome) values (53207,	533018,	'SUPERINT. DO DESENVOLVIMENTO DO CENTRO-OESTE');
insert into unidade_gestora(id_orgao, id_unidade_gestora, nome) values (30907,	200603,	'PENITENCIARIA FEDERAL EM PORTO VELHO - RO');
insert into unidade_gestora(id_orgao, id_unidade_gestora, nome) values (42207,	343017,	'MUSEU NACIONAL DE BELAS ARTES -RIO DE JANEIRO');
insert into unidade_gestora(id_orgao, id_unidade_gestora, nome) values (26403,	155527,	'IFAM - CAMPUS EIRUNEPE');
insert into unidade_gestora(id_orgao, id_unidade_gestora, nome) values (52221,	168007,	'INDUSTRIA DE MATERIAL BELICO DO BRASIL/FMCE');
insert into unidade_gestora(id_orgao, id_unidade_gestora, nome) values (26254,	153035,	'UNIVERSIDADE FEDERAL DO TRIANGULO MINEIRO');
insert into unidade_gestora(id_orgao, id_unidade_gestora, nome) values (26405,	158956,	'CAMPUS TIANGUA/IFCE');
insert into unidade_gestora(id_orgao, id_unidade_gestora, nome) values (52121,	160036,	'COMANDO DA 6ª REGIAO MILITAR');
insert into unidade_gestora(id_orgao, id_unidade_gestora, nome) values (25000,	170217,	'SUPERINTENDENCIA REGIONAL DA RFB NA 2A RF');
insert into unidade_gestora(id_orgao, id_unidade_gestora, nome) values (29208,	495650,	'COMPANHIA DE PESQUISA DE RECURSOS MINERAIS');
insert into unidade_gestora(id_orgao, id_unidade_gestora, nome) values (25000,	170138,	'DELEGACIA DA RFB EM RIBEIRAO PRETO');
insert into unidade_gestora(id_orgao, id_unidade_gestora, nome) values (26413,	159002,	'INST.FED.TRIA.MIN./CAMPUS UBERLANDIA CENTRO');
insert into unidade_gestora(id_orgao, id_unidade_gestora, nome) values (26403,	158446,	'IFAM - CAMPUS MANAUS DISTRITO INDUSTRIAL');
insert into unidade_gestora(id_orgao, id_unidade_gestora, nome) values (36000,	257023,	'DISTRITO SANIT.ESP.INDIGENA AL/SE');
insert into unidade_gestora(id_orgao, id_unidade_gestora, nome) values (26418,	155341,	'IFPE - CAMPUS ABREU E LIMA');
insert into unidade_gestora(id_orgao, id_unidade_gestora, nome) values (26402,	152801,	'INST.FED.DE ALAGOAS/CAMPUS SANTANA DO IPANEMA');
insert into unidade_gestora(id_orgao, id_unidade_gestora, nome) values (26443,	155021,	'HOSPITAL DAS CLINICAS DA UFMG');
insert into unidade_gestora(id_orgao, id_unidade_gestora, nome) values (26405,	158314,	'CAMPUS LIMOEIRO DO NORTE/IFCE');
insert into unidade_gestora(id_orgao, id_unidade_gestora, nome) values (26238,	153286,	'FACULDADE DE FARMACIA/UFMG');
insert into unidade_gestora(id_orgao, id_unidade_gestora, nome) values (52121,	160482,	'COMANDO/1A BRIGADA DE INFANTARIA DE SELVA');
insert into unidade_gestora(id_orgao, id_unidade_gestora, nome) values (52131,	764100,	'SERVICO DE IDENTIFICACAO DA MARINHA');
insert into unidade_gestora(id_orgao, id_unidade_gestora, nome) values (25205,	114606,	'UNIDADE ESTADUAL DO IBGE NO PARA');
insert into unidade_gestora(id_orgao, id_unidade_gestora, nome) values (26435,	158369,	'INST.FED.DO RN/CAMPUS NATAL - CENTRAL');
insert into unidade_gestora(id_orgao, id_unidade_gestora, nome) values (26241,	153079,	'UNIVERSIDADE FEDERAL DO PARANA');
insert into unidade_gestora(id_orgao, id_unidade_gestora, nome) values (52111,	120060,	'ACADEMIA DA FORCA AEREA');
insert into unidade_gestora(id_orgao, id_unidade_gestora, nome) values (36000,	257005,	'CENTRO NACIONAL DE PRIMATAS');
insert into unidade_gestora(id_orgao, id_unidade_gestora, nome) values (52121,	160082,	'PREFEITURA MILITAR DE BRASILIA');
insert into unidade_gestora(id_orgao, id_unidade_gestora, nome) values (26406,	158419,	'INST.FED. ESPIRITO SANTO/CAMPUS ARACRUZ');
insert into unidade_gestora(id_orgao, id_unidade_gestora, nome) values (52121,	160017,	'COMISSAO REGIONAL DE OBRAS/12');
insert into unidade_gestora(id_orgao, id_unidade_gestora, nome) values (40000,	400045,	'COORD-GERAL DE RECURSOS LOGISTICOS - CGRL');
insert into unidade_gestora(id_orgao, id_unidade_gestora, nome) values (25205,	114625,	'UNIDADE ESTADUAL DO IBGE NO RIO GRANDE DO SUL');
insert into unidade_gestora(id_orgao, id_unidade_gestora, nome) values (26420,	158505,	'INST.FED.FARROUPILHA CAMPUS PANAMBI');
insert into unidade_gestora(id_orgao, id_unidade_gestora, nome) values (36000,	250110,	'CG DE MATERIAL E PATRIMONIO - CGMAP/SAA');
insert into unidade_gestora(id_orgao, id_unidade_gestora, nome) values (52121,	160105,	'24º BATALHAO DE INFANTARIA DE SELVA');
insert into unidade_gestora(id_orgao, id_unidade_gestora, nome) values (25000,	170156,	'SUPERINTENDENCIA REGIONAL DA RFB NA 9A RF');
insert into unidade_gestora(id_orgao, id_unidade_gestora, nome) values (25205,	114617,	'UNIDADE ESTADUAL DO IBGE NA BAHIA');
insert into unidade_gestora(id_orgao, id_unidade_gestora, nome) values (26433,	158502,	'CAMPUS RIO DE JANEIRO');
insert into unidade_gestora(id_orgao, id_unidade_gestora, nome) values (26410,	158438,	'INST.FED.DO NORTE DE MG/CAMPUS ARINOS');
insert into unidade_gestora(id_orgao, id_unidade_gestora, nome) values (22000,	130018,	'SUPERINT.FED.DE AGRIC.,PEC.E ABASTECIMENTO/TO');
insert into unidade_gestora(id_orgao, id_unidade_gestora, nome) values (39252,	393017,	'SUPERINTENDENCIA REG. NO ESTADO PB - DNIT');
insert into unidade_gestora(id_orgao, id_unidade_gestora, nome) values (36000,	257028,	'DISTRITO SANIT.ESP.INDIGENA - MEDIO PURUS');
insert into unidade_gestora(id_orgao, id_unidade_gestora, nome) values (53000,	530013,	'SECRETARIA NACIONAL DE SEGURANCA HIDRICA SNSH');
insert into unidade_gestora(id_orgao, id_unidade_gestora, nome) values (26429,	158433,	'INST.FED.DE GOIAS/CAMPUS ITUMBIARA');
insert into unidade_gestora(id_orgao, id_unidade_gestora, nome) values (26412,	154810,	'IFSULDEMINAS - CAMPUS PASSOS');
insert into unidade_gestora(id_orgao, id_unidade_gestora, nome) values (20411,	343037,	'SUPERINTENDENCIA DO IPHAN  RONDONIA, IPHAN-RO');
insert into unidade_gestora(id_orgao, id_unidade_gestora, nome) values (52221,	168008,	'INDUSTRIA DE MATERIAL BELICO DO BRASIL/FE');
insert into unidade_gestora(id_orgao, id_unidade_gestora, nome) values (52121,	160244,	'COMANDO DE ARTILHARIA DIVISIONARIA DA 1 DE');
insert into unidade_gestora(id_orgao, id_unidade_gestora, nome) values (26443,	155008,	'HOSPITAL UNIVERSITARIO DO PIAUI');
insert into unidade_gestora(id_orgao, id_unidade_gestora, nome) values (30202,	194035,	'FUNAI-SEDE BRASILIA/DF');
insert into unidade_gestora(id_orgao, id_unidade_gestora, nome) values (39252,	393024,	'SUPERINTENDENCIA REG. NO ESTADO CE - DNIT');
insert into unidade_gestora(id_orgao, id_unidade_gestora, nome) values (36000,	257041,	'DISTRITO SANIT.ESP.INDIGENA - XINGU');
insert into unidade_gestora(id_orgao, id_unidade_gestora, nome) values (26403,	158445,	'IFAM - CAMPUS MANAUS CENTRO');
insert into unidade_gestora(id_orgao, id_unidade_gestora, nome) values (26413,	158309,	'INST.FED.TRIANGULO MINEIRO/CAMPUS PARACATU');
insert into unidade_gestora(id_orgao, id_unidade_gestora, nome) values (30802,	200120,	'SUPERINTENDENCIA REG. POL. RODV. FEDERAL-MT');
insert into unidade_gestora(id_orgao, id_unidade_gestora, nome) values (26412,	158305,	'IFSULDEMINAS - CAMPUS INCONFIDENTES');
insert into unidade_gestora(id_orgao, id_unidade_gestora, nome) values (37201,	264001,	'FUNDACENTRO - FUND.JORGE DUPRAT/CTN/SEDE - SP');
insert into unidade_gestora(id_orgao, id_unidade_gestora, nome) values (26419,	158141,	'INST.FED.DE EDUC.,CIENC.E TEC.DO RS');
insert into unidade_gestora(id_orgao, id_unidade_gestora, nome) values (52131,	789000,	'COMANDO DO 8.DISTRITO NAVAL');
insert into unidade_gestora(id_orgao, id_unidade_gestora, nome) values (63000,	110096,	'SUPERINTENDENCIA ADMINISTRACAO EM PERNAMBUCO');
insert into unidade_gestora(id_orgao, id_unidade_gestora, nome) values (26428,	152145,	'IFB - CAMPUS CEILANDIA');
insert into unidade_gestora(id_orgao, id_unidade_gestora, nome) values (37202,	512006,	'COORDENACAO DE ORCAMENTO E FINANCAS');
insert into unidade_gestora(id_orgao, id_unidade_gestora, nome) values (26405,	158324,	'CAMPUS CRATEUS/IFCE');
insert into unidade_gestora(id_orgao, id_unidade_gestora, nome) values (52121,	160411,	'7 BATALHAO DE INFANTARIA BLINDADO');
insert into unidade_gestora(id_orgao, id_unidade_gestora, nome) values (26252,	150154,	'CENTRO DE EDUCACAO E SAUDE DA UFCG');
insert into unidade_gestora(id_orgao, id_unidade_gestora, nome) values (52121,	160106,	'2 BATALHAO FERROVIARIO');
insert into unidade_gestora(id_orgao, id_unidade_gestora, nome) values (25000,	170198,	'DELEGACIA DA RFB EM GOIANIA');
insert into unidade_gestora(id_orgao, id_unidade_gestora, nome) values (26404,	154581,	'INST.FED.BAIANO / CAMPUS TEIXEIRA DE FREITAS');
insert into unidade_gestora(id_orgao, id_unidade_gestora, nome) values (20603,	193028,	'SUPERINTENDENCIA DA ZONA FRANCA DE MANAUS/AM');
insert into unidade_gestora(id_orgao, id_unidade_gestora, nome) values (26435,	158155,	'INST.FED.DE EDUC.,CIENC.E TEC.DO RN');
insert into unidade_gestora(id_orgao, id_unidade_gestora, nome) values (53203,	533014,	'SUPERINTENDENCIA DO DESENVOLV. DO NORDESTE');
insert into unidade_gestora(id_orgao, id_unidade_gestora, nome) values (52131,	742050,	'CENTRO DE INTENDENCIA TECNOLOGICO DA MARINHA');
insert into unidade_gestora(id_orgao, id_unidade_gestora, nome) values (52121,	160011,	'4º CENTRO DE GEOINFORMACAO');
insert into unidade_gestora(id_orgao, id_unidade_gestora, nome) values (26414,	158950,	'INST.FED.MATO GROSSO/CAMPUS SORRISO');
insert into unidade_gestora(id_orgao, id_unidade_gestora, nome) values (22000,	130077,	'SUPERINT.FED.DE AGRIC.,PEC.E ABASTECIMENTO/MT');
insert into unidade_gestora(id_orgao, id_unidade_gestora, nome) values (26436,	151895,	'INST.FED.SUL-RIO-GRANDENSE/VISCONDE DA GRACA');
insert into unidade_gestora(id_orgao, id_unidade_gestora, nome) values (26419,	158263,	'INST.FED.DO RS/CAMPUS SERTAO');
insert into unidade_gestora(id_orgao, id_unidade_gestora, nome) values (52121,	160443,	'63 BATALHAO DE INFANTARIA');
insert into unidade_gestora(id_orgao, id_unidade_gestora, nome) values (37202,	510678,	'SUPERINTENDENCIA REGIONAL NORTE/CENTRO-OESTE');
insert into unidade_gestora(id_orgao, id_unidade_gestora, nome) values (26242,	153080,	'UNIVERSIDADE FEDERAL DE PERNAMBUCO');
insert into unidade_gestora(id_orgao, id_unidade_gestora, nome) values (20701,	193119,	'IBAMA - SUPERINTENDENCIA DO RIO DE JANEIRO/RJ');
insert into unidade_gestora(id_orgao, id_unidade_gestora, nome) values (26416,	158135,	'INST.FED.DE EDUC.,CIENC.E TEC.DO PARA');
insert into unidade_gestora(id_orgao, id_unidade_gestora, nome) values (52121,	160495,	'HOSPITAL MILITAR DE AREA DE SAO PAULO');
insert into unidade_gestora(id_orgao, id_unidade_gestora, nome) values (22201,	373047,	'SUPERINTENDENCIA REGIONAL DA PARAIBA - SR(PB)');
insert into unidade_gestora(id_orgao, id_unidade_gestora, nome) values (52904,	167220,	'COMISSAO REGIONAL DE OBRAS/5');
insert into unidade_gestora(id_orgao, id_unidade_gestora, nome) values (52111,	120638,	'BASE AEREA DE CAMPO GRANDE');
insert into unidade_gestora(id_orgao, id_unidade_gestora, nome) values (30108,	200386,	'SUPERINTENDENCIA REGIONAL NO ESTADO DO PA');
insert into unidade_gestora(id_orgao, id_unidade_gestora, nome) values (26419,	158328,	'INST.FED.DO RS/CAMPUS CAXIAS DO SUL');
insert into unidade_gestora(id_orgao, id_unidade_gestora, nome) values (26435,	152757,	'INSTITUTO FEDERAL DO RN - CAMPUS NOVA CRUZ');
insert into unidade_gestora(id_orgao, id_unidade_gestora, nome) values (26421,	158342,	'INST.FED.RONDONIA/CAMPUS VILHENA');
insert into unidade_gestora(id_orgao, id_unidade_gestora, nome) values (26408,	158291,	'INST.FED.DO MARANHAO/CAMPUS S.JOAO DOS PATOS');
insert into unidade_gestora(id_orgao, id_unidade_gestora, nome) values (52131,	786810,	'CENTRO DE INTENDENCIA DA MARINHA EM LADARIO');
insert into unidade_gestora(id_orgao, id_unidade_gestora, nome) values (26443,	155903,	'HOSPITAL UNIVERSITARIO DA UFJF');
insert into unidade_gestora(id_orgao, id_unidade_gestora, nome) values (25000,	170271,	'DELEGACIA DA RFB EM PALMAS');
insert into unidade_gestora(id_orgao, id_unidade_gestora, nome) values (26432,	154672,	'INST. FED. DO PARANA/CAMPUS CAMPO LARGO');
insert into unidade_gestora(id_orgao, id_unidade_gestora, nome) values (52121,	160304,	'BATALHAO MANUTENCAO E SUPRIMENTO DE ARMAMENTO');
insert into unidade_gestora(id_orgao, id_unidade_gestora, nome) values (52121,	160311,	'ESCOLA DE APERFEICOAMENTO DE OFICIAIS');
insert into unidade_gestora(id_orgao, id_unidade_gestora, nome) values (26428,	152142,	'IFB - CAMPUS BRASILIA');
insert into unidade_gestora(id_orgao, id_unidade_gestora, nome) values (26443,	155904,	'HOSPITAL DAS CLINICAS DA UFG');
insert into unidade_gestora(id_orgao, id_unidade_gestora, nome) values (26428,	152144,	'IFB - CAMPUS SAO SEBASTIAO');
insert into unidade_gestora(id_orgao, id_unidade_gestora, nome) values (26410,	158440,	'INST.FED.DO NORTE DE MG/CAMPUS PIRAPORA');
insert into unidade_gestora(id_orgao, id_unidade_gestora, nome) values (52121,	160047,	'COMANDO 10ª REGIAO MILITAR');
insert into unidade_gestora(id_orgao, id_unidade_gestora, nome) values (26277,	154046,	'UNIVERSIDADE FEDERAL DE OURO PRETO');
insert into unidade_gestora(id_orgao, id_unidade_gestora, nome) values (52121,	160322,	'HOSPITAL CENTRAL DO EXERCITO');
insert into unidade_gestora(id_orgao, id_unidade_gestora, nome) values (26429,	158522,	'INST.FED.DE GOIAS/CAMPUS ANAPOLIS');
insert into unidade_gestora(id_orgao, id_unidade_gestora, nome) values (26402,	152800,	'INST.FED.DE ALAGOAS/CAMPUS PENEDO');
insert into unidade_gestora(id_orgao, id_unidade_gestora, nome) values (26436,	151878,	'INST.FED.SUL-RIO-GRANDENSE/CAMPUS CAMAQUA');
insert into unidade_gestora(id_orgao, id_unidade_gestora, nome) values (26431,	158146,	'INST.FED.DE EDUC.,CIENC.E TEC.DO PIAUI');
insert into unidade_gestora(id_orgao, id_unidade_gestora, nome) values (26439,	158711,	'IFSP - CAMPUS MATAO');
insert into unidade_gestora(id_orgao, id_unidade_gestora, nome) values (26405,	158316,	'CAMPUS JUAZEIRO DO NORTE/IFCE');
insert into unidade_gestora(id_orgao, id_unidade_gestora, nome) values (36201,	254422,	'INSTITUTO GONCALO MONIZ');
insert into unidade_gestora(id_orgao, id_unidade_gestora, nome) values (26420,	158503,	'INSTITUTO FEDERAL FARROUPILH CAMPUS SAO BORJA');
insert into unidade_gestora(id_orgao, id_unidade_gestora, nome) values (30802,	200229,	'UNIV. CORP. DA POLICIA RODOVIARIA FEDERAL');
insert into unidade_gestora(id_orgao, id_unidade_gestora, nome) values (26443,	155014,	'HOSPITAL UNIVERSITARIO ANA BEZERRA');
insert into unidade_gestora(id_orgao, id_unidade_gestora, nome) values (52121,	160195,	'COMANDO DO COMANDO MILITAR DO NORDESTE');
insert into unidade_gestora(id_orgao, id_unidade_gestora, nome) values (29208,	495110,	'COMPANHIA DE PESQUISA DE RECURSOS MINERAIS');
insert into unidade_gestora(id_orgao, id_unidade_gestora, nome) values (44205,	443001,	'AGENCIA NACIONAL DE AGUAS E SANEAMENTO BASICO');
insert into unidade_gestora(id_orgao, id_unidade_gestora, nome) values (26414,	158970,	'INST.FED.MATO GROSSO/CAMPUS PRIMAVERA DO LEST');
insert into unidade_gestora(id_orgao, id_unidade_gestora, nome) values (26408,	158290,	'INST.FED.DO MARANHAO/CAMPUS SANTA INES');
insert into unidade_gestora(id_orgao, id_unidade_gestora, nome) values (22201,	373052,	'SUPERINTENDENCIA REG. DE SERGIPE - SR(SE)');
insert into unidade_gestora(id_orgao, id_unidade_gestora, nome) values (26428,	152140,	'IFB - CAMPUS TAGUATINGA NORTE');
insert into unidade_gestora(id_orgao, id_unidade_gestora, nome) values (26245,	153149,	'INSTITUTO DE PSIQUIATRIA DA UFRJ');
insert into unidade_gestora(id_orgao, id_unidade_gestora, nome) values (25000,	170201,	'DELEGACIA DA RFB EM PORTO VELHO');
insert into unidade_gestora(id_orgao, id_unidade_gestora, nome) values (26240,	153065,	'UNIVERSIDADE FEDERAL DA PARAIBA');
insert into unidade_gestora(id_orgao, id_unidade_gestora, nome) values (52131,	771000,	'DIRETORIA DE ABASTECIMENTO DA MARINHA');
insert into unidade_gestora(id_orgao, id_unidade_gestora, nome) values (26454,	156677,	'UNIVERSIDADE FEDERAL DE RONDONOPOLIS');
insert into unidade_gestora(id_orgao, id_unidade_gestora, nome) values (26450,	158720,	'UNIVERSIDADE FEDERAL DO SUL DA BAHIA');
insert into unidade_gestora(id_orgao, id_unidade_gestora, nome) values (25205,	114622,	'UNIDADE ESTADUAL DO IBGE EM SAO PAULO');
insert into unidade_gestora(id_orgao, id_unidade_gestora, nome) values (22000,	130010,	'COMISSAO EXEC. DO PLANO DA LAV.CACAUEIRA/DF');
insert into unidade_gestora(id_orgao, id_unidade_gestora, nome) values (26291,	154003,	'FUND.COORD.DE APERF.DE PESSOAL NIVEL SUPERIOR');
insert into unidade_gestora(id_orgao, id_unidade_gestora, nome) values (52121,	160531,	'ESCOLA DE APERFEICOAMENTO DE SARGENTOS');
insert into unidade_gestora(id_orgao, id_unidade_gestora, nome) values (29208,	495400,	'COMPANHIA DE PESQUISA DE RECURSOS MINERAIS');
insert into unidade_gestora(id_orgao, id_unidade_gestora, nome) values (52131,	711100,	'CENTRO DE COMUNICACAO SOCIAL DA MARINHA');
insert into unidade_gestora(id_orgao, id_unidade_gestora, nome) values (26428,	152146,	'IFB - CAMPUS ESTRUTURAL');
insert into unidade_gestora(id_orgao, id_unidade_gestora, nome) values (26443,	155009,	'HOSPITAL UNIVERSITARIO DE BRASILIA');
insert into unidade_gestora(id_orgao, id_unidade_gestora, nome) values (36211,	255025,	'FUNDACAO NACIONAL DE SAUDE - SP');
insert into unidade_gestora(id_orgao, id_unidade_gestora, nome) values (25000,	170040,	'SUPERINTENDENCIA REGIONAL DA RFB NA 3A RF');
insert into unidade_gestora(id_orgao, id_unidade_gestora, nome) values (26443,	155125,	'HOSPITAL UNIVERSITARIO DE SANTA MARIA');
insert into unidade_gestora(id_orgao, id_unidade_gestora, nome) values (30108,	200388,	'SUPERINTENDENCIA REGIONAL NO ESTADO DO MA');
insert into unidade_gestora(id_orgao, id_unidade_gestora, nome) values (30108,	200360,	'SUPERINTENDENCIA REGIONAL NO ESTADO DE SP');
insert into unidade_gestora(id_orgao, id_unidade_gestora, nome) values (52121,	160518,	'BASE DE AVIACAO DE TAUBATE');
insert into unidade_gestora(id_orgao, id_unidade_gestora, nome) values (26258,	153177,	'UTFPR - CAMPUS PATO BRANCO');
insert into unidade_gestora(id_orgao, id_unidade_gestora, nome) values (26245,	153148,	'INSTITUTO DE NEUROL. DEOLINDO COUTO DA UFRJ');
insert into unidade_gestora(id_orgao, id_unidade_gestora, nome) values (33206,	333005,	'COORDENACAO GERAL DE PATRIMONIO E LOGISTICA');
insert into unidade_gestora(id_orgao, id_unidade_gestora, nome) values (52131,	765706,	'SANATORIO NAVAL DE NOVA FRIBURGO');
insert into unidade_gestora(id_orgao, id_unidade_gestora, nome) values (52121,	160095,	'58 BATALHAO DE INFANTARIA MOTORIZADO');
insert into unidade_gestora(id_orgao, id_unidade_gestora, nome) values (30202,	194007,	'COORDENACAO REG. DO VALE DO JAVARI/AM');
insert into unidade_gestora(id_orgao, id_unidade_gestora, nome) values (52121,	160392,	'COMANDO DA 3ª REGIAO MILITAR');
insert into unidade_gestora(id_orgao, id_unidade_gestora, nome) values (26201,	155635,	'COLEGIO PEDRO II - CAMPUS ENGENHO NOVO I');
insert into unidade_gestora(id_orgao, id_unidade_gestora, nome) values (26439,	158329,	'IFSP - CAMPUS SAO ROQUE');
insert into unidade_gestora(id_orgao, id_unidade_gestora, nome) values (35000,	240010,	'DEPTO DE TECNOLOGIA E GESTAO DA INFORMACAO');
insert into unidade_gestora(id_orgao, id_unidade_gestora, nome) values (26404,	158129,	'INST FED DE EDUC CIENC E TECNOLOGIA BAIANO');
insert into unidade_gestora(id_orgao, id_unidade_gestora, nome) values (36000,	257040,	'DISTRITO SANIT.ESP.INDIGENA - XAVANTE');
insert into unidade_gestora(id_orgao, id_unidade_gestora, nome) values (26268,	154055,	'FUNDACAO UNIVERSIDADE FEDERAL DE RONDONIA');
insert into unidade_gestora(id_orgao, id_unidade_gestora, nome) values (22000,	130017,	'LABORATORIO FEDERAL DE DEFESA AGROPECUARIA/PA');
insert into unidade_gestora(id_orgao, id_unidade_gestora, nome) values (26416,	158509,	'INST.FED.DO PARA/CAMPUS CONCEIC. DO ARAGUAIA');
insert into unidade_gestora(id_orgao, id_unidade_gestora, nome) values (26428,	158501,	'IFB - CAMPUS PLANALTINA');
insert into unidade_gestora(id_orgao, id_unidade_gestora, nome) values (26431,	158359,	'INST. FED. PIAUI/CAMPUS PAULISTANA');
insert into unidade_gestora(id_orgao, id_unidade_gestora, nome) values (26272,	154041,	'FUNDACAO UNIVERSIDADE FEDERAL DO MARANHAO');
insert into unidade_gestora(id_orgao, id_unidade_gestora, nome) values (30108,	200354,	'SUPERINTENDENCIA REGIONAL NO ESTADO DO MS');
insert into unidade_gestora(id_orgao, id_unidade_gestora, nome) values (52111,	120039,	'GRUPAMENTO DE APOIO DO RIO DE JANEIRO');
insert into unidade_gestora(id_orgao, id_unidade_gestora, nome) values (24000,	240114,	'INSTITUTO NACIONAL DO SEMIARIDO');
insert into unidade_gestora(id_orgao, id_unidade_gestora, nome) values (30108,	200396,	'SUPERINTENDENCIA REGIONAL NO ESTADO DA PB');
insert into unidade_gestora(id_orgao, id_unidade_gestora, nome) values (26431,	155207,	'INST. FED. PIAUI/CAMPUS CAMPO MAIOR');
insert into unidade_gestora(id_orgao, id_unidade_gestora, nome) values (26410,	158378,	'INST.FED.DO NORTE DE MG/CAMPUS JANUARIA');
insert into unidade_gestora(id_orgao, id_unidade_gestora, nome) values (26404,	155885,	'INST.FED.BAIANO / CAMPUS XIQUE-XIQUE');
insert into unidade_gestora(id_orgao, id_unidade_gestora, nome) values (26439,	158714,	'IFSP - CAMPUS CAMPINAS');
insert into unidade_gestora(id_orgao, id_unidade_gestora, nome) values (22000,	130070,	'SUPERINT.FED.DE AGRIC.,PEC.E ABASTECIMENTO/PR');
insert into unidade_gestora(id_orgao, id_unidade_gestora, nome) values (26443,	155911,	'HOSPITAL UNIVERSITARIO GAFFREE E GUINLE');
insert into unidade_gestora(id_orgao, id_unidade_gestora, nome) values (26443,	155900,	'HOSPITAL UNIVERSITARIO DA UFSCAR');
insert into unidade_gestora(id_orgao, id_unidade_gestora, nome) values (52111,	120013,	'CENTRO DE LANCAMENTO DE ALCANTARA');
insert into unidade_gestora(id_orgao, id_unidade_gestora, nome) values (26418,	155217,	'IFPE - CAMPUS PAULISTA');
insert into unidade_gestora(id_orgao, id_unidade_gestora, nome) values (52904,	167466,	'COMANDO 11 BRIGADA INFANTARIA LEVE (GLO)');
insert into unidade_gestora(id_orgao, id_unidade_gestora, nome) values (36000,	257003,	'INSTITUTO EVANDRO CHAGAS');
insert into unidade_gestora(id_orgao, id_unidade_gestora, nome) values (25000,	170094,	'DELEGACIA DA RFB EM VARGINHA');
insert into unidade_gestora(id_orgao, id_unidade_gestora, nome) values (25000,	170195,	'GERENCIA REG. DE ADMINISTRACAO DO ME - GOIAS');
insert into unidade_gestora(id_orgao, id_unidade_gestora, nome) values (26428,	152139,	'IFB - CAMPUS GAMA');
insert into unidade_gestora(id_orgao, id_unidade_gestora, nome) values (25000,	170032,	'GERENCIA REG. DE ADMINISTRACAO DO ME - PIAUI');
insert into unidade_gestora(id_orgao, id_unidade_gestora, nome) values (52121,	160529,	'ARSENAL DE GUERRA DE SAO PAULO');
insert into unidade_gestora(id_orgao, id_unidade_gestora, nome) values (36201,	254434,	'ESCOLA POLITECNICA DE SAUDE JOAQUIM VENANCIO');
insert into unidade_gestora(id_orgao, id_unidade_gestora, nome) values (20701,	193103,	'IBAMA - SUPERINTENDENCIA DA BAHIA/BA');
insert into unidade_gestora(id_orgao, id_unidade_gestora, nome) values (26443,	155908,	'HOSPITAL UNIV. DR. MIGUEL RIET CORREA JR.');
insert into unidade_gestora(id_orgao, id_unidade_gestora, nome) values (26432,	158398,	'INST. FED. DO PARANA/CAMPUS PARANAVAI');
insert into unidade_gestora(id_orgao, id_unidade_gestora, nome) values (36000,	250022,	'SUPERINTENDENCIA ESTADUAL DO MS/MA');
insert into unidade_gestora(id_orgao, id_unidade_gestora, nome) values (26435,	158370,	'INST.FED. DO RN/CAMPUS CAICO');
insert into unidade_gestora(id_orgao, id_unidade_gestora, nome) values (26238,	153289,	'FACULDADE DE MEDICINA/UFMG');
insert into unidade_gestora(id_orgao, id_unidade_gestora, nome) values (30000,	200247,	'ARQUIVO NACIONAL - RJ');
insert into unidade_gestora(id_orgao, id_unidade_gestora, nome) values (26405,	158961,	'CAMPUS CAMOCIM/IFCE');
insert into unidade_gestora(id_orgao, id_unidade_gestora, nome) values (52121,	160045,	'BASE ADMINISTRATIVA DA GUARNICAO DE FORTALEZA');
insert into unidade_gestora(id_orgao, id_unidade_gestora, nome) values (52121,	160362,	'3 BATALHAO LOGISTICO');
insert into unidade_gestora(id_orgao, id_unidade_gestora, nome) values (52131,	783330,	'CAPITANIA DOS PORTOS DA PARAIBA');
insert into unidade_gestora(id_orgao, id_unidade_gestora, nome) values (36000,	257035,	'DISTRITO SANIT.ESP.INDIGENA - MG/ES');
insert into unidade_gestora(id_orgao, id_unidade_gestora, nome) values (26238,	153265,	'DEPARTAMENTO DE OBRAS/UFMG');
insert into unidade_gestora(id_orgao, id_unidade_gestora, nome) values (26432,	156543,	'INST. FED. DO PARANA/CAMPUS JAGUARIAIVA');
insert into unidade_gestora(id_orgao, id_unidade_gestora, nome) values (22201,	373083,	'DIV.EXECUTIVA DE FINANCAS-DOF.2 INCRA-SEDE/DF');
insert into unidade_gestora(id_orgao, id_unidade_gestora, nome) values (25000,	170045,	'GERENCIA REG.DE ADM.DO ME-RIO GRANDE DO NORTE');
insert into unidade_gestora(id_orgao, id_unidade_gestora, nome) values (26441,	158515,	'UNIVERSIDADE FEDERAL DO OESTE DO PARA');
insert into unidade_gestora(id_orgao, id_unidade_gestora, nome) values (25205,	114614,	'UNIDADE ESTADUAL DO IBGE EM PERNAMBUCO');
insert into unidade_gestora(id_orgao, id_unidade_gestora, nome) values (26201,	155627,	'COLEGIO PEDRO II - CAMPUS REALENGO II');
insert into unidade_gestora(id_orgao, id_unidade_gestora, nome) values (52111,	120669,	'BASE AEREA DE SANTA CRUZ');
insert into unidade_gestora(id_orgao, id_unidade_gestora, nome) values (26427,	158407,	'INST. FED.DA BAHIA/CAMPUS SIMOES FILHO');
insert into unidade_gestora(id_orgao, id_unidade_gestora, nome) values (26000,	152005,	'INSTITUTO NACIONAL DE EDUCACAO DE SURDOS-RJ');
insert into unidade_gestora(id_orgao, id_unidade_gestora, nome) values (26232,	153038,	'UNIVERSIDADE FEDERAL DA BAHIA');
insert into unidade_gestora(id_orgao, id_unidade_gestora, nome) values (26260,	153028,	'UNIVERSIDADE FEDERAL DE ALFENAS');
insert into unidade_gestora(id_orgao, id_unidade_gestora, nome) values (25000,	170312,	'DELEGACIA ESPEC.RFB DE ADMIN. TRIBUTARIA/SP');
insert into unidade_gestora(id_orgao, id_unidade_gestora, nome) values (26264,	154863,	'UNIV.FED.RURAL SEMI-ARIDO/CAMP.PAU DOS FERROS');
insert into unidade_gestora(id_orgao, id_unidade_gestora, nome) values (39252,	393025,	'SUPERINTENDENCIA REG. NO ESTADO SP - DNIT');
insert into unidade_gestora(id_orgao, id_unidade_gestora, nome) values (25000,	170318,	'DELEGACIA DA RFB EM JUNDIAI');
insert into unidade_gestora(id_orgao, id_unidade_gestora, nome) values (52121,	160223,	'HOSPITAL GERAL DE CURITIBA');
insert into unidade_gestora(id_orgao, id_unidade_gestora, nome) values (26432,	154699,	'INST. FED. DO PARANA/CAMPUS LONDRINA');
insert into unidade_gestora(id_orgao, id_unidade_gestora, nome) values (26432,	158396,	'INST. FED. DO PARANA/CAMPUS FOZ DO IGUACU');
insert into unidade_gestora(id_orgao, id_unidade_gestora, nome) values (25000,	170066,	'DELEGACIA DA RFB EM MACEIO');
insert into unidade_gestora(id_orgao, id_unidade_gestora, nome) values (26412,	154809,	'IFSULDEMINAS - CAMPUS POCOS DE CALDAS');
insert into unidade_gestora(id_orgao, id_unidade_gestora, nome) values (29208,	495350,	'COMPANHIA DE PESQUISA DE RECURSOS MINERAIS');
insert into unidade_gestora(id_orgao, id_unidade_gestora, nome) values (41231,	413003,	'AGENCIA NACIONAL DE TELECOMUNICACOES-RJ');
insert into unidade_gestora(id_orgao, id_unidade_gestora, nome) values (26443,	155013,	'HOSPITAL UNIVERSITARIO ONOFRE LOPES');
insert into unidade_gestora(id_orgao, id_unidade_gestora, nome) values (26418,	154853,	'IFPE - CAMPUS JABOATAO DOS GUARARAPES');
insert into unidade_gestora(id_orgao, id_unidade_gestora, nome) values (25000,	170146,	'DELEGACIA DA RFB EM OSASCO');
insert into unidade_gestora(id_orgao, id_unidade_gestora, nome) values (52131,	753000,	'INSTITUTO DE EST. DO MAR ALTE PAULO MOREIRA');
insert into unidade_gestora(id_orgao, id_unidade_gestora, nome) values (26439,	158349,	'IFSP - CAMPUS CARAGUATATUBA');
insert into unidade_gestora(id_orgao, id_unidade_gestora, nome) values (29208,	495710,	'COMPANHIA DE PESQUISA DE RECURSOS MINERAIS');
insert into unidade_gestora(id_orgao, id_unidade_gestora, nome) values (52121,	160185,	'14 BATALHAO LOGISTICO');
insert into unidade_gestora(id_orgao, id_unidade_gestora, nome) values (36000,	250012,	'SUPERINTENDENCIA ESTADUAL DO MS/AC');
insert into unidade_gestora(id_orgao, id_unidade_gestora, nome) values (52221,	168005,	'INDUSTRIA DE MATERIAL BELICO DO BRASIL/FI');
insert into unidade_gestora(id_orgao, id_unidade_gestora, nome) values (30108,	200394,	'SUPERINTENDENCIA REGIONAL NO ESTADO DO RN');
insert into unidade_gestora(id_orgao, id_unidade_gestora, nome) values (42207,	343016,	'MUSEU HISTORICO NACIONAL - RIO DE JANEIRO');
insert into unidade_gestora(id_orgao, id_unidade_gestora, nome) values (26405,	158955,	'CAMPUS JAGUARIBE/IFCE');
insert into unidade_gestora(id_orgao, id_unidade_gestora, nome) values (25205,	114631,	'UNIDADE ESTADUAL DO IBGE NO RIO DE JANEIRO');
insert into unidade_gestora(id_orgao, id_unidade_gestora, nome) values (26443,	155915,	'HOSPITAL UNIVERSTIARIO ANTONIO PEDRO');
insert into unidade_gestora(id_orgao, id_unidade_gestora, nome) values (36211,	255022,	'FUNDACAO NACIONAL DE SAUDE - RO');
insert into unidade_gestora(id_orgao, id_unidade_gestora, nome) values (25205,	114609,	'UNIDADE ESTADUAL DO IBGE NO PIAUI');
insert into unidade_gestora(id_orgao, id_unidade_gestora, nome) values (25205,	114637,	'CENTRO DOC. E DISSEMINACAO DA INFORMACAO/IBGE');
insert into unidade_gestora(id_orgao, id_unidade_gestora, nome) values (42207,	343022,	'MUSEUS RAYMUNDO OTTONI DE CASTRO MAYA/RJ');
insert into unidade_gestora(id_orgao, id_unidade_gestora, nome) values (22201,	373085,	'SUPERINTEND. REGIONAL DE TOCANTINS - SR(TO)');
insert into unidade_gestora(id_orgao, id_unidade_gestora, nome) values (20411,	343002,	'SUPERINTENDENCIA DO IPHAN NO PARA, IPHAN-PA');
insert into unidade_gestora(id_orgao, id_unidade_gestora, nome) values (36211,	255002,	'FUNDACAO NACIONAL DE SAUDE - AL');
insert into unidade_gestora(id_orgao, id_unidade_gestora, nome) values (26443,	155910,	'HOSPITAL UNIVERSITARIO DE LAGARTO');
insert into unidade_gestora(id_orgao, id_unidade_gestora, nome) values (30202,	194031,	'COORDENACAO REGIONAL XINGU/MT');
insert into unidade_gestora(id_orgao, id_unidade_gestora, nome) values (52121,	160159,	'18 GRUPO DE ARTILHARIA DE CAMPANHA');
insert into unidade_gestora(id_orgao, id_unidade_gestora, nome) values (20411,	343035,	'SUPERINTENDENCIA DO IPHAN EM ALAGOAS,IPHAN-AL');
insert into unidade_gestora(id_orgao, id_unidade_gestora, nome) values (36211,	255021,	'FUNDACAO NACIONAL DE SAUDE - RS');
insert into unidade_gestora(id_orgao, id_unidade_gestora, nome) values (26406,	158421,	'INST.FED. ESPIRITO SANTO/CAMPUS CARIACICA');
insert into unidade_gestora(id_orgao, id_unidade_gestora, nome) values (91081,	910869,	'LIGHT PARTICIPACOES S/A');
insert into unidade_gestora(id_orgao, id_unidade_gestora, nome) values (26404,	158277,	'INST.FED.BAIANO/CAMPUS SANTA INES');
insert into unidade_gestora(id_orgao, id_unidade_gestora, nome) values (30802,	200129,	'SUPERINTENDENCIA REG. POL. RODV. FEDERAL-AL');
insert into unidade_gestora(id_orgao, id_unidade_gestora, nome) values (26405,	158323,	'CAMPUS CANINDE/IFCE');
insert into unidade_gestora(id_orgao, id_unidade_gestora, nome) values (26405,	158321,	'CAMPUS CRATO/IFCE');
insert into unidade_gestora(id_orgao, id_unidade_gestora, nome) values (26415,	158450,	'INST. FED. DO MS/CAMPUS CORUMBA');
insert into unidade_gestora(id_orgao, id_unidade_gestora, nome) values (26201,	155633,	'COLEGIO PEDRO II - CAMPUS TIJUCA I');
insert into unidade_gestora(id_orgao, id_unidade_gestora, nome) values (36000,	250042,	'HOSPITAL FEDERAL DE BONSUCESSO');
insert into unidade_gestora(id_orgao, id_unidade_gestora, nome) values (52121,	160457,	'BASE DE ADMINISTRACAO E APOIO DO IBIRAPUERA');
insert into unidade_gestora(id_orgao, id_unidade_gestora, nome) values (52121,	160060,	'BATALHAO DE POLICIA DO EXERCITO DE BRASILIA');
insert into unidade_gestora(id_orgao, id_unidade_gestora, nome) values (35000,	240013,	'COORDENACAO-GERAL DE RECURSOS LOGISTICOS');
insert into unidade_gestora(id_orgao, id_unidade_gestora, nome) values (52121,	160375,	'27 GRUPO DE ARTILHARIA DE CAMPANHA');
insert into unidade_gestora(id_orgao, id_unidade_gestora, nome) values (36201,	254452,	'GERENCIA REGIONAL DE BRASILIA');
insert into unidade_gestora(id_orgao, id_unidade_gestora, nome) values (26405,	158969,	'CAMPUS ACOPIARA/IFCE');
insert into unidade_gestora(id_orgao, id_unidade_gestora, nome) values (22201,	373040,	'SUPERINTENDENCIA REG. DO MARANHAO - SR(MA)');
insert into unidade_gestora(id_orgao, id_unidade_gestora, nome) values (42207,	343018,	'MUSEU DA REPUBLICA - RIO DE JANEIRO');
insert into unidade_gestora(id_orgao, id_unidade_gestora, nome) values (30802,	200130,	'SUPERINTENDENCIA REG. POL. RODV. FEDERAL-SE');
insert into unidade_gestora(id_orgao, id_unidade_gestora, nome) values (52121,	160469,	'2º GRUPO DE ARTILHARIA DE CAMPANHA LEVE');
insert into unidade_gestora(id_orgao, id_unidade_gestora, nome) values (30202,	194010,	'COORD. REG. CENTRO-LESTE DO PARA/PA');
insert into unidade_gestora(id_orgao, id_unidade_gestora, nome) values (30802,	200113,	'SUPERINTENDENCIA REG. POL. RODV. FEDERAL-PE');
insert into unidade_gestora(id_orgao, id_unidade_gestora, nome) values (52111,	120643,	'BASE AEREA DE SANTA MARIA');
insert into unidade_gestora(id_orgao, id_unidade_gestora, nome) values (24000,	240125,	'MUSEU PARAENSE EMILIO GOELDI');
insert into unidade_gestora(id_orgao, id_unidade_gestora, nome) values (26413,	158312,	'INST.FED.TRIANGULO MINEIRO/CAMPUS UBERLANDIA');
insert into unidade_gestora(id_orgao, id_unidade_gestora, nome) values (39000,	390004,	'SUBSECRETARIA PLAN.,ORC.E ADM.-ADMINISTRATIVO');
insert into unidade_gestora(id_orgao, id_unidade_gestora, nome) values (26419,	158265,	'INST.FED.DO RS/CAMPUS CANOAS');
insert into unidade_gestora(id_orgao, id_unidade_gestora, nome) values (25000,	170180,	'DELEGACIA DA RFB EM PELOTAS');
insert into unidade_gestora(id_orgao, id_unidade_gestora, nome) values (26428,	152147,	'IFB - CAMPUS RIACHO FUNDO');
insert into unidade_gestora(id_orgao, id_unidade_gestora, nome) values (30202,	194047,	'FUNAI-COORDENACAO REGIONAL DO LITORAL SUL/SC');
insert into unidade_gestora(id_orgao, id_unidade_gestora, nome) values (36000,	257030,	'DISTRITO SANIT.ESP.INDIGENA - PARINTINS');
insert into unidade_gestora(id_orgao, id_unidade_gestora, nome) values (26408,	158456,	'INST.FED.DO MARANHAO/CAMPUS CAXIAS');
insert into unidade_gestora(id_orgao, id_unidade_gestora, nome) values (22204,	193001,	'DNOCS CEST/PI-TERESINA-PI');
insert into unidade_gestora(id_orgao, id_unidade_gestora, nome) values (26000,	150002,	'SUBSECRETARIA DE ASSUNTOS ADMINISTRATIVOS/MEC');
insert into unidade_gestora(id_orgao, id_unidade_gestora, nome) values (26433,	158487,	'CAMPUS SAO GONCALO');
insert into unidade_gestora(id_orgao, id_unidade_gestora, nome) values (52121,	160479,	'COMANDO DE ARTILHARIA DO EXERCITO');
insert into unidade_gestora(id_orgao, id_unidade_gestora, nome) values (26402,	152815,	'INST.FED.DE ALAGOAS/CAMPUS MARAGOGI');
insert into unidade_gestora(id_orgao, id_unidade_gestora, nome) values (26437,	158350,	'INST.FED.RORAIMA - CAMPUS BOA VISTA');
insert into unidade_gestora(id_orgao, id_unidade_gestora, nome) values (26424,	158628,	'INST.FED.DO TOCANTINS/CAMPUS DIANOPOLIS');
insert into unidade_gestora(id_orgao, id_unidade_gestora, nome) values (52121,	160415,	'DEPOSITO DE SUBSISTENCIA SANTA MARIA');
insert into unidade_gestora(id_orgao, id_unidade_gestora, nome) values (52121,	160259,	'1 GRUPO DE ARTILHARIA ANTIAEREA');
insert into unidade_gestora(id_orgao, id_unidade_gestora, nome) values (26286,	154215,	'FUNDACAO UNIVERSIDADE FEDERAL DO AMAPA');
insert into unidade_gestora(id_orgao, id_unidade_gestora, nome) values (36000,	257050,	'DISTRITO SANIT.ESP.INDIGENA - VILHENA');
insert into unidade_gestora(id_orgao, id_unidade_gestora, nome) values (26254,	150221,	'HOSPITAL DE CLINICAS DA UFTM');
insert into unidade_gestora(id_orgao, id_unidade_gestora, nome) values (26402,	158381,	'INST.FED.DE ALAGOAS/CAMPUS MACEIO');
insert into unidade_gestora(id_orgao, id_unidade_gestora, nome) values (26422,	158462,	'IF CATARINENSE - CAMPUS SANTA ROSA DO SUL');
insert into unidade_gestora(id_orgao, id_unidade_gestora, nome) values (26418,	158463,	'IFPE - CAMPUS IPOJUCA');
insert into unidade_gestora(id_orgao, id_unidade_gestora, nome) values (26201,	155625,	'COLEGIO PEDRO II - CAMPUS NITEROI');
insert into unidade_gestora(id_orgao, id_unidade_gestora, nome) values (52131,	787400,	'ESTACAO RADIO DA MARINHA EM BRASILIA');
insert into unidade_gestora(id_orgao, id_unidade_gestora, nome) values (37000,	370003,	'COORD-GERAL LICITACAO, CONT.E DOCUMENTACAO');
insert into unidade_gestora(id_orgao, id_unidade_gestora, nome) values (26408,	158293,	'INST.FED.DO MARANHAO/CAMPUS CODO');
insert into unidade_gestora(id_orgao, id_unidade_gestora, nome) values (26426,	158159,	'INST.FED. DO AMAPA -CAMPUS MACAPA');
insert into unidade_gestora(id_orgao, id_unidade_gestora, nome) values (52121,	160245,	'POLICLINICA MILITAR DE NITEROI');
insert into unidade_gestora(id_orgao, id_unidade_gestora, nome) values (26431,	158363,	'INST. FED. PIAUI/CAMPUS URUCUI');
insert into unidade_gestora(id_orgao, id_unidade_gestora, nome) values (26402,	156655,	'INST.FED.DE ALAGOAS - CAMPUS CORURIPE');
insert into unidade_gestora(id_orgao, id_unidade_gestora, nome) values (25205,	114627,	'UNIDADE ESTADUAL DO IBGE EM GOIAS');
insert into unidade_gestora(id_orgao, id_unidade_gestora, nome) values (52121,	160327,	'INSTITUTO MILITAR DE ENGENHARIA');
insert into unidade_gestora(id_orgao, id_unidade_gestora, nome) values (25000,	170100,	'GERENCIA REG. DE ADM. DO ME - ESPIRITO SANTO');
insert into unidade_gestora(id_orgao, id_unidade_gestora, nome) values (26405,	158322,	'CAMPUS ACARAU/IFCE');
insert into unidade_gestora(id_orgao, id_unidade_gestora, nome) values (26201,	155626,	'COLEGIO PEDRO II - CAMPUS REALENGO I');
insert into unidade_gestora(id_orgao, id_unidade_gestora, nome) values (26435,	154582,	'INST FED RN / CAMPUS SAO GONCALO DO AMARANTE');
insert into unidade_gestora(id_orgao, id_unidade_gestora, nome) values (30203,	183039,	'SUPERINTENDENCIA DO INMETRO NO ESTADO DO RS');
insert into unidade_gestora(id_orgao, id_unidade_gestora, nome) values (26420,	155081,	'INST.FED.FARROUPILHA/CAMPUS SANTO ANGELO');
insert into unidade_gestora(id_orgao, id_unidade_gestora, nome) values (25205,	114616,	'UNIDADE ESTADUAL DO IBGE EM SERGIPE');
insert into unidade_gestora(id_orgao, id_unidade_gestora, nome) values (26266,	154359,	'FUNDACAO UNIVERSIDADE FEDERAL DO PAMPA');
insert into unidade_gestora(id_orgao, id_unidade_gestora, nome) values (52121,	160287,	'BIBLIOTECA DO EXERCITO');
insert into unidade_gestora(id_orgao, id_unidade_gestora, nome) values (26435,	152756,	'INST. FED. DO RN / CAMPUS PARNAMIRIM');
insert into unidade_gestora(id_orgao, id_unidade_gestora, nome) values (26431,	158355,	'INST. FED. PIAUI/CAMPUS FLORIANO');
insert into unidade_gestora(id_orgao, id_unidade_gestora, nome) values (26419,	158744,	'INST.FED.DO RS/CAMPUS VACARIA');
insert into unidade_gestora(id_orgao, id_unidade_gestora, nome) values (26416,	158308,	'INST.FED.DO PARA/CAMPUS CASTANHAL');
insert into unidade_gestora(id_orgao, id_unidade_gestora, nome) values (24000,	240252,	'INSTITUTO NACIONAL DA MATA ATLANTICA');
insert into unidade_gestora(id_orgao, id_unidade_gestora, nome) values (39252,	393014,	'SUPERINTEND. REG. NO ESTADO DE RO-DNIT');
insert into unidade_gestora(id_orgao, id_unidade_gestora, nome) values (52131,	762300,	'COLEGIO NAVAL');
insert into unidade_gestora(id_orgao, id_unidade_gestora, nome) values (26437,	158152,	'INST.FED.DE EDUC.,CIENC.E TEC.DE RORAIMA');
insert into unidade_gestora(id_orgao, id_unidade_gestora, nome) values (52131,	765000,	'DIRETORIA DE SAUDE DA MARINHA');
insert into unidade_gestora(id_orgao, id_unidade_gestora, nome) values (26414,	158334,	'INST.FED.MATO GROSSO/CAMPUS CACERES');
insert into unidade_gestora(id_orgao, id_unidade_gestora, nome) values (30202,	194042,	'COORD. REG. RIBEIRAO CASCALHEIRA/MT');
insert into unidade_gestora(id_orgao, id_unidade_gestora, nome) values (26443,	155124,	'HOSP UNIVERSITARIO MARIA APARECIDA PEDROSSIAN');
insert into unidade_gestora(id_orgao, id_unidade_gestora, nome) values (26430,	158741,	'IF SERTAO PE CAMPUS SERRA TALHADA');
insert into unidade_gestora(id_orgao, id_unidade_gestora, nome) values (52121,	160339,	'1º BATALHAO DE ENGENHARIA DE CONSTRUCAO');
insert into unidade_gestora(id_orgao, id_unidade_gestora, nome) values (52111,	120629,	'GRUPAMENTO DE APOIO DE CANOAS');
insert into unidade_gestora(id_orgao, id_unidade_gestora, nome) values (52131,	721000,	'ESCOLA DE GUERRA NAVAL');
insert into unidade_gestora(id_orgao, id_unidade_gestora, nome) values (26432,	158400,	'INST. FED. DO PARANA/CAMPUS JACAREZINHO');
insert into unidade_gestora(id_orgao, id_unidade_gestora, nome) values (52121,	160030,	'1ª COMPANHIA DE INFANTARIA');
insert into unidade_gestora(id_orgao, id_unidade_gestora, nome) values (36000,	257049,	'DISTRITO SANIT.ESP.INDIGENA - PORTO VELHO');
insert into unidade_gestora(id_orgao, id_unidade_gestora, nome) values (26439,	158525,	'IFSP - CAMPUS BIRIGUI');
insert into unidade_gestora(id_orgao, id_unidade_gestora, nome) values (32396,	323108,	'GERENCIA REGIONAL DA ANM - PA');
insert into unidade_gestora(id_orgao, id_unidade_gestora, nome) values (52121,	160170,	'COMANDO 23ª BRIGADA DE INFANTARIA DE SELVA');
insert into unidade_gestora(id_orgao, id_unidade_gestora, nome) values (26428,	152143,	'IFB - CAMPUS RECANTO DAS EMAS');
insert into unidade_gestora(id_orgao, id_unidade_gestora, nome) values (36000,	250023,	'SUPERINTENDENCIA ESTADUAL DO MS/MT');
insert into unidade_gestora(id_orgao, id_unidade_gestora, nome) values (26402,	158380,	'INST.FED.DE ALAGOAS/CAMPUS MARECHAL DEODORO');
insert into unidade_gestora(id_orgao, id_unidade_gestora, nome) values (52121,	160181,	'7 GRUPO DE ARTILHARIA DE CAMPANHA');
insert into unidade_gestora(id_orgao, id_unidade_gestora, nome) values (36000,	257033,	'DISTRITO SANIT.ESP.INDIGENA - CEARA');
insert into unidade_gestora(id_orgao, id_unidade_gestora, nome) values (52131,	781312,	'CAPITANIA FLUVIAL DE MINAS GERAIS');
insert into unidade_gestora(id_orgao, id_unidade_gestora, nome) values (24000,	240129,	'CENTRO DE TECN. DA INF. RENATO ARCHER - CTI');
insert into unidade_gestora(id_orgao, id_unidade_gestora, nome) values (26435,	154840,	'INST FED RN / CAMPUS SAO PAULO DO POTENGI');
insert into unidade_gestora(id_orgao, id_unidade_gestora, nome) values (54000,	540006,	'SNDTUR - CONTRATOS');
insert into unidade_gestora(id_orgao, id_unidade_gestora, nome) values (26419,	158325,	'INST.FED.DO RS/CAMPUS ERECHIM');
insert into unidade_gestora(id_orgao, id_unidade_gestora, nome) values (32210,	323028,	'AGENCIA NACIONAL DE ENERGIA ELETRICA');
insert into unidade_gestora(id_orgao, id_unidade_gestora, nome) values (26443,	155914,	'HOSPITAL UNIVERSITARIO ALCIDES CARNEIRO');
insert into unidade_gestora(id_orgao, id_unidade_gestora, nome) values (52121,	160064,	'COLEGIO  MILITAR DE BRASILIA');
insert into unidade_gestora(id_orgao, id_unidade_gestora, nome) values (26414,	158497,	'INST.FED.MATO GROSSO/CAMPUS BARRA DO GARCAS');
insert into unidade_gestora(id_orgao, id_unidade_gestora, nome) values (52121,	160329,	'BATALHAO CENTRAL DE MANUTENCAO E SUPRIMENTO');
insert into unidade_gestora(id_orgao, id_unidade_gestora, nome) values (36000,	257042,	'DISTRITO SANIT.ESP.INDIGENA - ALTAMIRA');
insert into unidade_gestora(id_orgao, id_unidade_gestora, nome) values (52121,	160233,	'COMANDO 5º BRIGADA DE CAVALARIA BLINDADA');
insert into unidade_gestora(id_orgao, id_unidade_gestora, nome) values (20411,	343012,	'SUPERINTENDENCIA DO IPHAN R.G.DO SUL,IPHAN-RS');
insert into unidade_gestora(id_orgao, id_unidade_gestora, nome) values (26442,	158565,	'UNIV.DA INTEG.INTERN.DA LUSOF.AFRO-BRASILEIRA');
insert into unidade_gestora(id_orgao, id_unidade_gestora, nome) values (26439,	158584,	'IFSP - CAMPUS PRESIDENTE EPITACIO');
insert into unidade_gestora(id_orgao, id_unidade_gestora, nome) values (30202,	194022,	'MUSEU DO INDIO - RIO DE JANEIRO');
insert into unidade_gestora(id_orgao, id_unidade_gestora, nome) values (52131,	740014,	'CENTRO LOGISTICO DO MATERIAL DA MARINHA');
insert into unidade_gestora(id_orgao, id_unidade_gestora, nome) values (36201,	254488,	'CASA DE OSWALDO CRUZ');
insert into unidade_gestora(id_orgao, id_unidade_gestora, nome) values (26412,	158303,	'IFSULDEMINAS - CAMPUS MUZAMBINHO');
insert into unidade_gestora(id_orgao, id_unidade_gestora, nome) values (26443,	155912,	'HOSPITAL UNIVERSITARIO JULIO BANDEIRA');
insert into unidade_gestora(id_orgao, id_unidade_gestora, nome) values (26435,	158374,	'INST.FED.DO RN/CAMPUS PAU DOS FERROS');
insert into unidade_gestora(id_orgao, id_unidade_gestora, nome) values (25000,	170085,	'SUPERINTENDENCIA REG. ADM. DO ME-MINAS GERAIS');
insert into unidade_gestora(id_orgao, id_unidade_gestora, nome) values (26427,	156060,	'INSTITUTO FEDERAL DA BAHIA- STO ANTONIO JESUS');
insert into unidade_gestora(id_orgao, id_unidade_gestora, nome) values (52131,	791181,	'CENTRO DE INTEND. DA MARINHA EM S.PEDRO DA AL');
insert into unidade_gestora(id_orgao, id_unidade_gestora, nome) values (26437,	158351,	'INST.FED.RORAIMA - CAMPUS NOVO PARAISO');
insert into unidade_gestora(id_orgao, id_unidade_gestora, nome) values (53202,	533013,	'SUPERINTEND. DO DESENVOLVIMENTO DA AMAZONIA');
insert into unidade_gestora(id_orgao, id_unidade_gestora, nome) values (36000,	250029,	'SUPERINTENDENCIA ESTADUAL DO MS/PE');
insert into unidade_gestora(id_orgao, id_unidade_gestora, nome) values (26412,	154811,	'IFSULDEMINAS - CAMPUS POUSO ALEGRE');
insert into unidade_gestora(id_orgao, id_unidade_gestora, nome) values (44000,	440001,	'SUBSECRET.DE PLANEJ.,ORC.E ADMINIST.±SPOA/MMA');
insert into unidade_gestora(id_orgao, id_unidade_gestora, nome) values (41231,	413002,	'AGENCIA NACIONAL DE TELECOMUNICACOES-SP');
insert into unidade_gestora(id_orgao, id_unidade_gestora, nome) values (36000,	257029,	'DISTRITO SANIT.ESP.INDIGENA - MEDIO SOLIMOES');
insert into unidade_gestora(id_orgao, id_unidade_gestora, nome) values (52121,	160536,	'COMANDO DE FRONTEIRA JURUA E 61º BIS');
insert into unidade_gestora(id_orgao, id_unidade_gestora, nome) values (26416,	158567,	'INST.FED.DO PARA/CAMPUS ITAITUBA');
insert into unidade_gestora(id_orgao, id_unidade_gestora, nome) values (26408,	158457,	'INST.FED.DO MARANHAO/CAMPUS TIMON');
insert into unidade_gestora(id_orgao, id_unidade_gestora, nome) values (30802,	200141,	'SUPERINTENDENCIA REG. POL. RODV. FEDERAL-DF');
insert into unidade_gestora(id_orgao, id_unidade_gestora, nome) values (52121,	160514,	'COUDELARIA DE RINCAO');
insert into unidade_gestora(id_orgao, id_unidade_gestora, nome) values (30802,	200110,	'SUPERINTENDENCIA REG. POL. RODV. FEDERAL-AM');
insert into unidade_gestora(id_orgao, id_unidade_gestora, nome) values (20701,	193124,	'IBAMA - SUPERINTENDENCIA DO RIO GRANDE SUL/RS');
insert into unidade_gestora(id_orgao, id_unidade_gestora, nome) values (30108,	200398,	'SUPERINTENDENCIA REGIONAL NO ESTADO DE PE');
insert into unidade_gestora(id_orgao, id_unidade_gestora, nome) values (52121,	160498,	'2º BATALHAO DE INFANTARIA LEVE');
insert into unidade_gestora(id_orgao, id_unidade_gestora, nome) values (52131,	788820,	'CENTRO DE INTENDENCIA DA MARINHA EM MANAUS');
insert into unidade_gestora(id_orgao, id_unidade_gestora, nome) values (30108,	200358,	'SUPERINTENDENCIA REGIONAL NO ESTADO DE AL');
insert into unidade_gestora(id_orgao, id_unidade_gestora, nome) values (26433,	158484,	'CAMPUS PARACAMBI');
insert into unidade_gestora(id_orgao, id_unidade_gestora, nome) values (26417,	158472,	'IFPB - CAMPUS MONTEIRO');
insert into unidade_gestora(id_orgao, id_unidade_gestora, nome) values (26290,	153978,	'INST.NACIONAL DE EST.E PESQUISAS EDUCACIONAIS');
insert into unidade_gestora(id_orgao, id_unidade_gestora, nome) values (52121,	160523,	'CENTRO DE PREP. DE OFICIAIS DA RESERVA DE BH');
insert into unidade_gestora(id_orgao, id_unidade_gestora, nome) values (62901,	110591,	'FUNDO NACIONAL DE AVIACAO CIVIL');
insert into unidade_gestora(id_orgao, id_unidade_gestora, nome) values (36211,	255015,	'FUNDACAO NACIONAL DE SAUDE - PB');
insert into unidade_gestora(id_orgao, id_unidade_gestora, nome) values (24000,	240128,	'LABORATORIO NACIONAL DE ASTROFISICA');
insert into unidade_gestora(id_orgao, id_unidade_gestora, nome) values (52121,	160086,	'GABINETE DO COMANDANTE DO EXERCITO');
insert into unidade_gestora(id_orgao, id_unidade_gestora, nome) values (25000,	170008,	'PROCURADORIA GERAL DA FAZENDA NACIONAL');
insert into unidade_gestora(id_orgao, id_unidade_gestora, nome) values (25205,	114613,	'UNIDADE ESTADUAL DO IBGE NA PARAIBA');
insert into unidade_gestora(id_orgao, id_unidade_gestora, nome) values (36000,	250035,	'SUPERINTENDENCIA ESTADUAL DO MS/RR');
insert into unidade_gestora(id_orgao, id_unidade_gestora, nome) values (60000,	110101,	'GABINETE DA VICE-PRESIDENCIA DA REPUBLICA');
insert into unidade_gestora(id_orgao, id_unidade_gestora, nome) values (52121,	160296,	'BASE ADM DA BRIGADA DE INFANTARIA PQDT');
insert into unidade_gestora(id_orgao, id_unidade_gestora, nome) values (26421,	158148,	'INST. FED. DE EDUC.,CIENC. E TEC. DE RONDONIA');
insert into unidade_gestora(id_orgao, id_unidade_gestora, nome) values (26433,	152237,	'CAMPUS ARRAIAL DO CABO');
insert into unidade_gestora(id_orgao, id_unidade_gestora, nome) values (26201,	155636,	'COLEGIO PEDRO II - CAMPUS ENGENHO NOVO II');
insert into unidade_gestora(id_orgao, id_unidade_gestora, nome) values (39252,	393030,	'SUPERINTENDENCIA REG. NO ESTADO MA - DNIT');
insert into unidade_gestora(id_orgao, id_unidade_gestora, nome) values (26402,	158383,	'INST.FED.DE ALAGOAS/CAMPUS PALMEIRA DOS IND.');
insert into unidade_gestora(id_orgao, id_unidade_gestora, nome) values (26406,	158426,	'INST.FED. ESPIRITO SANTO/CAMPUS SANTA TERESA');
insert into unidade_gestora(id_orgao, id_unidade_gestora, nome) values (36000,	250103,	'HOSPITAL FEDERAL DE IPANEMA');
insert into unidade_gestora(id_orgao, id_unidade_gestora, nome) values (22201,	373029,	'SUPERINTENDENCIA REGIONAL DE RORAIMA - SR(RR)');
insert into unidade_gestora(id_orgao, id_unidade_gestora, nome) values (26434,	158384,	'INST.FED. FLUMINENSE/CAMPUS MACAE');
insert into unidade_gestora(id_orgao, id_unidade_gestora, nome) values (26415,	155849,	'INST.FED.DO MS/CAMPUS NAVIRAI');
insert into unidade_gestora(id_orgao, id_unidade_gestora, nome) values (26404,	154617,	'INST. FED. BAIANO - CAMPUS URUCUCA');
insert into unidade_gestora(id_orgao, id_unidade_gestora, nome) values (52000,	110402,	'ESCOLA SUPERIOR DE GUERRA');
insert into unidade_gestora(id_orgao, id_unidade_gestora, nome) values (39252,	393018,	'SUPERINTENDENCIA REG. NO ESTADO ES - DNIT');
insert into unidade_gestora(id_orgao, id_unidade_gestora, nome) values (52121,	160521,	'3ª BATERIA DE ARTILHARIA ANTIAEREA');
insert into unidade_gestora(id_orgao, id_unidade_gestora, nome) values (26402,	152802,	'INST.FED.DE ALAGOAS/CAMPUS PIRANHAS');
insert into unidade_gestora(id_orgao, id_unidade_gestora, nome) values (30203,	183023,	'INSTITUTO NAC.DE METROLOG. QUALID. E TECNOLOG');
insert into unidade_gestora(id_orgao, id_unidade_gestora, nome) values (39252,	393020,	'SUPERINTENDENCIA REG. NO ESTADO MT - DNIT');
insert into unidade_gestora(id_orgao, id_unidade_gestora, nome) values (25000,	170133,	'SUPERINTENDENCIA REGIONAL DA RFB NA 8A RF');
insert into unidade_gestora(id_orgao, id_unidade_gestora, nome) values (25000,	170018,	'SUPERINTENDENCIA REGIONAL DA RFB NA 1A RF');
